n_feat,trn_grad,trn_data,Method,Capability,fname,kbet,asw_true_label,asw_pred_label,ari,nmi,ami,ari_leiden,nmi_leiden,ami_leiden,seed,seed_num,task,split,path
800,8,sc_rna_annotated_minmi0.1_top2000,DeepTAN,Clustering,preds+seed_42+multitask+tst.pkl,0.9823269513991163,0.44082722,0.7020332,-0.00006135906847046818,0.011044618237248307,0.0009751383079170505,-0.00006135906847046818,0.011044618237248307,0.0009751383079170505,seed_42,42,multitask,tst,/mnt/hdd2/homext/wuch/xn2p/run/predict/deeptan/sc_rna_annotated_minmi0.1_top2000+top_800/preds+seed_42+multitask+tst.pkl
800,8,sc_rna_annotated_minmi0.1_top2000,DeepTAN,Clustering,preds+seed_46+multitask+tst.pkl,1.0,0.031047285,0.5598019,-0.005380456623732593,0.012096780975036397,0.0009687249472692559,-0.005380456623732593,0.012096780975036397,0.0009687249472692559,seed_46,46,multitask,tst,/mnt/hdd2/homext/wuch/xn2p/run/predict/deeptan/sc_rna_annotated_minmi0.1_top2000+top_800/preds+seed_46+multitask+tst.pkl
800,8,sc_rna_annotated_minmi0.1_top2000,DeepTAN,Clustering,preds+seed_44+multitask+tst.pkl,0.9322533136966127,0.42769378,0.6236044,0.0029880783032868396,0.013992021216409987,0.0029405498111589093,0.0029880783032868396,0.013992021216409987,0.0029405498111589093,seed_44,44,multitask,tst,/mnt/hdd2/homext/wuch/xn2p/run/predict/deeptan/sc_rna_annotated_minmi0.1_top2000+top_800/preds+seed_44+multitask+tst.pkl
800,8,sc_rna_annotated_minmi0.1_top2000,DeepTAN,Clustering,preds+seed_45+multitask+tst.pkl,0.9867452135493373,0.28618225,0.6717971,-0.003361639892285495,0.007571558030630155,-0.0025565835906635696,-0.003361639892285495,0.007571558030630155,-0.0025565835906635696,seed_45,45,multitask,tst,/mnt/hdd2/homext/wuch/xn2p/run/predict/deeptan/sc_rna_annotated_minmi0.1_top2000+top_800/preds+seed_45+multitask+tst.pkl
800,8,sc_rna_annotated_minmi0.1_top2000,DeepTAN,Clustering,preds+seed_43+multitask+tst.pkl,0.9617083946980854,0.40673974,0.56705046,-0.0014299728250062138,0.006157538221263817,-0.003983511942813144,-0.0014299728250062138,0.006157538221263817,-0.003983511942813144,seed_43,43,multitask,tst,/mnt/hdd2/homext/wuch/xn2p/run/predict/deeptan/sc_rna_annotated_minmi0.1_top2000+top_800/preds+seed_43+multitask+tst.pkl
1200,1,sc_rna_annotated_minmi0.1_top2000_eighth,DeepTAN,Clustering,preds+seed_42+multitask+tst.pkl,0.8895434462444771,0.3022729,0.6249983,0.0007426968523574072,0.010049939879803786,-0.0010606128157102078,0.0007426968523574072,0.010049939879803786,-0.0010606128157102078,seed_42,42,multitask,tst,/mnt/hdd2/homext/wuch/xn2p/run/predict/deeptan/sc_rna_annotated_minmi0.1_top2000_eighth+top_1200/preds+seed_42+multitask+tst.pkl
1200,1,sc_rna_annotated_minmi0.1_top2000_eighth,DeepTAN,Clustering,preds+seed_46+multitask+tst.pkl,0.9631811487481591,0.48895854,0.573947,-0.0017682659629374656,0.00641167211958612,-0.002642587958017732,-0.0017682659629374656,0.00641167211958612,-0.002642587958017732,seed_46,46,multitask,tst,/mnt/hdd2/homext/wuch/xn2p/run/predict/deeptan/sc_rna_annotated_minmi0.1_top2000_eighth+top_1200/preds+seed_46+multitask+tst.pkl
1200,1,sc_rna_annotated_minmi0.1_top2000_eighth,DeepTAN,Clustering,preds+seed_44+multitask+tst.pkl,0.9543446244477173,0.4486349,0.61134624,0.0009140940218459589,0.007801187817467509,-0.001236018086809618,0.0009140940218459589,0.007801187817467509,-0.001236018086809618,seed_44,44,multitask,tst,/mnt/hdd2/homext/wuch/xn2p/run/predict/deeptan/sc_rna_annotated_minmi0.1_top2000_eighth+top_1200/preds+seed_44+multitask+tst.pkl
1200,1,sc_rna_annotated_minmi0.1_top2000_eighth,DeepTAN,Clustering,preds+seed_45+multitask+tst.pkl,0.9941089837997055,0.4930357,0.61493754,-0.0001037755760496746,0.009602664030901605,-0.001493180874915164,-0.0001037755760496746,0.009602664030901605,-0.001493180874915164,seed_45,45,multitask,tst,/mnt/hdd2/homext/wuch/xn2p/run/predict/deeptan/sc_rna_annotated_minmi0.1_top2000_eighth+top_1200/preds+seed_45+multitask+tst.pkl
1200,1,sc_rna_annotated_minmi0.1_top2000_eighth,DeepTAN,Clustering,preds+seed_43+multitask+tst.pkl,0.9617083946980854,0.40783298,0.6022202,-0.0012979013003626071,0.007999332199884891,-0.0021296764670595534,-0.0012979013003626071,0.007999332199884891,-0.0021296764670595534,seed_43,43,multitask,tst,/mnt/hdd2/homext/wuch/xn2p/run/predict/deeptan/sc_rna_annotated_minmi0.1_top2000_eighth+top_1200/preds+seed_43+multitask+tst.pkl
400,2,sc_rna_annotated_minmi0.1_top2000_quarter,DeepTAN,Clustering,preds+seed_42+multitask+tst.pkl,0.9882179675994109,0.26232547,0.6730106,0.0005587485508599569,0.008482812320620734,-0.001647170837844448,0.0005587485508599569,0.008482812320620734,-0.001647170837844448,seed_42,42,multitask,tst,/mnt/hdd2/homext/wuch/xn2p/run/predict/deeptan/sc_rna_annotated_minmi0.1_top2000_quarter+top_400/preds+seed_42+multitask+tst.pkl
400,2,sc_rna_annotated_minmi0.1_top2000_quarter,DeepTAN,Clustering,preds+seed_46+multitask+tst.pkl,0.9617083946980854,0.25219807,0.61464775,-0.00021117802352967475,0.015068233527264144,0.005025801129305792,-0.00021117802352967475,0.015068233527264144,0.005025801129305792,seed_46,46,multitask,tst,/mnt/hdd2/homext/wuch/xn2p/run/predict/deeptan/sc_rna_annotated_minmi0.1_top2000_quarter+top_400/preds+seed_46+multitask+tst.pkl
400,2,sc_rna_annotated_minmi0.1_top2000_quarter,DeepTAN,Clustering,preds+seed_44+multitask+tst.pkl,0.9896907216494846,0.31307524,0.51058304,0.0031458659890997846,0.00690521214147866,-0.002214048431706864,0.0031458659890997846,0.00690521214147866,-0.002214048431706864,seed_44,44,multitask,tst,/mnt/hdd2/homext/wuch/xn2p/run/predict/deeptan/sc_rna_annotated_minmi0.1_top2000_quarter+top_400/preds+seed_44+multitask+tst.pkl
400,2,sc_rna_annotated_minmi0.1_top2000_quarter,DeepTAN,Clustering,preds+seed_45+multitask+tst.pkl,0.96759941089838,0.3144928,0.5702458,-0.006700012355514457,0.01161029012468083,0.0014812651664619387,-0.006700012355514457,0.01161029012468083,0.0014812651664619387,seed_45,45,multitask,tst,/mnt/hdd2/homext/wuch/xn2p/run/predict/deeptan/sc_rna_annotated_minmi0.1_top2000_quarter+top_400/preds+seed_45+multitask+tst.pkl
2000,8,sc_rna_annotated_minmi0.1_top2000,DeepTAN,Clustering,preds+seed_42+multitask+tst.pkl,0.9823269513991163,0.36053383,0.5957537,0.0013775941826822972,0.011916212267646178,0.0017961769423139355,0.0013775941826822972,0.011916212267646178,0.0017961769423139355,seed_42,42,multitask,tst,/mnt/hdd2/homext/wuch/xn2p/run/predict/deeptan/sc_rna_annotated_minmi0.1_top2000/preds+seed_42+multitask+tst.pkl
2000,8,sc_rna_annotated_minmi0.1_top2000,DeepTAN,Clustering,preds+seed_46+multitask+tst.pkl,0.9955817378497791,0.031584203,0.6517463,0.0030985539856484725,0.022375501185487125,0.012407624430341073,0.0030985539856484725,0.022375501185487125,0.012407624430341073,seed_46,46,multitask,tst,/mnt/hdd2/homext/wuch/xn2p/run/predict/deeptan/sc_rna_annotated_minmi0.1_top2000/preds+seed_46+multitask+tst.pkl
2000,8,sc_rna_annotated_minmi0.1_top2000,DeepTAN,Clustering,preds+seed_44+multitask+tst.pkl,0.9970544918998527,0.4062078,0.67698646,-0.0005160084689633254,0.005399391756345296,-0.003645782937514169,-0.0005160084689633254,0.005399391756345296,-0.003645782937514169,seed_44,44,multitask,tst,/mnt/hdd2/homext/wuch/xn2p/run/predict/deeptan/sc_rna_annotated_minmi0.1_top2000/preds+seed_44+multitask+tst.pkl
2000,8,sc_rna_annotated_minmi0.1_top2000,DeepTAN,Clustering,preds+seed_45+multitask+tst.pkl,0.9926362297496318,0.44251302,0.69433963,0.0014473509199455557,0.012835899673632963,0.001764952927153062,0.0014473509199455557,0.012835899673632963,0.001764952927153062,seed_45,45,multitask,tst,/mnt/hdd2/homext/wuch/xn2p/run/predict/deeptan/sc_rna_annotated_minmi0.1_top2000/preds+seed_45+multitask+tst.pkl
2000,8,sc_rna_annotated_minmi0.1_top2000,DeepTAN,Clustering,preds+seed_43+multitask+tst.pkl,0.9882179675994109,0.40903592,0.68203294,0.00021724775038568556,0.006598510821622442,-0.004563851853946901,0.00021724775038568556,0.006598510821622442,-0.004563851853946901,seed_43,43,multitask,tst,/mnt/hdd2/homext/wuch/xn2p/run/predict/deeptan/sc_rna_annotated_minmi0.1_top2000/preds+seed_43+multitask+tst.pkl
1200,8,sc_rna_annotated_minmi0.1_top2000,DeepTAN,Clustering,preds+seed_42+multitask+tst.pkl,0.979381443298969,0.3416869,0.6964335,-0.0038450044754702434,0.00884605911040935,-0.0022904199266388357,-0.0038450044754702434,0.00884605911040935,-0.0022904199266388357,seed_42,42,multitask,tst,/mnt/hdd2/homext/wuch/xn2p/run/predict/deeptan/sc_rna_annotated_minmi0.1_top2000+top_1200/preds+seed_42+multitask+tst.pkl
1200,8,sc_rna_annotated_minmi0.1_top2000,DeepTAN,Clustering,preds+seed_46+multitask+tst.pkl,0.93519882179676,0.027286857,0.5694665,0.0023458488823141946,0.01936111084335142,0.008347359238371484,0.0023458488823141946,0.01936111084335142,0.008347359238371484,seed_46,46,multitask,tst,/mnt/hdd2/homext/wuch/xn2p/run/predict/deeptan/sc_rna_annotated_minmi0.1_top2000+top_1200/preds+seed_46+multitask+tst.pkl
1200,8,sc_rna_annotated_minmi0.1_top2000,DeepTAN,Clustering,preds+seed_44+multitask+tst.pkl,0.9572901325478645,0.3912229,0.6560706,-0.0020025559504797917,0.009001934777884727,-0.0010991564291782142,-0.0020025559504797917,0.009001934777884727,-0.0010991564291782142,seed_44,44,multitask,tst,/mnt/hdd2/homext/wuch/xn2p/run/predict/deeptan/sc_rna_annotated_minmi0.1_top2000+top_1200/preds+seed_44+multitask+tst.pkl
1200,8,sc_rna_annotated_minmi0.1_top2000,DeepTAN,Clustering,preds+seed_45+multitask+tst.pkl,1.0,0.27527988,0.65990865,-0.00052206155021713,0.009668827558228163,-0.00042467386551258877,-0.00052206155021713,0.009668827558228163,-0.00042467386551258877,seed_45,45,multitask,tst,/mnt/hdd2/homext/wuch/xn2p/run/predict/deeptan/sc_rna_annotated_minmi0.1_top2000+top_1200/preds+seed_45+multitask+tst.pkl
1200,8,sc_rna_annotated_minmi0.1_top2000,DeepTAN,Clustering,preds+seed_43+multitask+tst.pkl,0.914580265095729,0.26341432,0.60162264,-0.0005708929286934823,0.009026770996355685,-0.0010953128858991227,-0.0005708929286934823,0.009026770996355685,-0.0010953128858991227,seed_43,43,multitask,tst,/mnt/hdd2/homext/wuch/xn2p/run/predict/deeptan/sc_rna_annotated_minmi0.1_top2000+top_1200/preds+seed_43+multitask+tst.pkl
1200,2,sc_rna_annotated_minmi0.1_top2000_quarter,DeepTAN,Clustering,preds+seed_42+multitask+tst.pkl,0.9779086892488954,0.38156065,0.5701946,-0.0025306769610012555,0.004077678477017279,-0.0050434317031895545,-0.0025306769610012555,0.004077678477017279,-0.0050434317031895545,seed_42,42,multitask,tst,/mnt/hdd2/homext/wuch/xn2p/run/predict/deeptan/sc_rna_annotated_minmi0.1_top2000_quarter+top_1200/preds+seed_42+multitask+tst.pkl
1200,2,sc_rna_annotated_minmi0.1_top2000_quarter,DeepTAN,Clustering,preds+seed_46+multitask+tst.pkl,0.9720176730486009,0.34848088,0.5089881,0.0019194404892677011,0.016523122048706,0.006490926857436663,0.0019194404892677011,0.016523122048706,0.006490926857436663,seed_46,46,multitask,tst,/mnt/hdd2/homext/wuch/xn2p/run/predict/deeptan/sc_rna_annotated_minmi0.1_top2000_quarter+top_1200/preds+seed_46+multitask+tst.pkl
1200,2,sc_rna_annotated_minmi0.1_top2000_quarter,DeepTAN,Clustering,preds+seed_44+multitask+tst.pkl,0.9896907216494846,0.43190435,0.5226665,-0.004126223538502271,0.007636603999193684,-0.001449977781506894,-0.004126223538502271,0.007636603999193684,-0.001449977781506894,seed_44,44,multitask,tst,/mnt/hdd2/homext/wuch/xn2p/run/predict/deeptan/sc_rna_annotated_minmi0.1_top2000_quarter+top_1200/preds+seed_44+multitask+tst.pkl
1200,2,sc_rna_annotated_minmi0.1_top2000_quarter,DeepTAN,Clustering,preds+seed_45+multitask+tst.pkl,0.9484536082474226,0.28010732,0.4932525,-0.00040452480577057924,0.009325351412113197,0.0002562236164396626,-0.00040452480577057924,0.009325351412113197,0.0002562236164396626,seed_45,45,multitask,tst,/mnt/hdd2/homext/wuch/xn2p/run/predict/deeptan/sc_rna_annotated_minmi0.1_top2000_quarter+top_1200/preds+seed_45+multitask+tst.pkl
1200,2,sc_rna_annotated_minmi0.1_top2000_quarter,DeepTAN,Clustering,preds+seed_43+multitask+tst.pkl,0.9955817378497791,0.44468197,0.616381,-0.0004440661927921303,0.006626924060450513,-0.0024609561130907323,-0.0004440661927921303,0.006626924060450513,-0.0024609561130907323,seed_43,43,multitask,tst,/mnt/hdd2/homext/wuch/xn2p/run/predict/deeptan/sc_rna_annotated_minmi0.1_top2000_quarter+top_1200/preds+seed_43+multitask+tst.pkl
400,1,sc_rna_annotated_minmi0.1_top2000_eighth,DeepTAN,Clustering,preds+seed_42+multitask+tst.pkl,0.9926362297496318,0.2564721,0.68034875,-0.0016888486562621507,0.01134884345166372,0.0012914038921707776,-0.0016888486562621507,0.01134884345166372,0.0012914038921707776,seed_42,42,multitask,tst,/mnt/hdd2/homext/wuch/xn2p/run/predict/deeptan/sc_rna_annotated_minmi0.1_top2000_eighth+top_400/preds+seed_42+multitask+tst.pkl
400,1,sc_rna_annotated_minmi0.1_top2000_eighth,DeepTAN,Clustering,preds+seed_46+multitask+tst.pkl,0.9513991163475699,0.29079038,0.6982878,0.0013088268975015654,0.01479482557722586,0.004699859358960442,0.0013088268975015654,0.01479482557722586,0.004699859358960442,seed_46,46,multitask,tst,/mnt/hdd2/homext/wuch/xn2p/run/predict/deeptan/sc_rna_annotated_minmi0.1_top2000_eighth+top_400/preds+seed_46+multitask+tst.pkl
400,1,sc_rna_annotated_minmi0.1_top2000_eighth,DeepTAN,Clustering,preds+seed_44+multitask+tst.pkl,0.9852724594992637,0.39088532,0.6241228,0.00033348099710454524,0.010136343114777473,-0.00004496973404084217,0.00033348099710454524,0.010136343114777473,-0.00004496973404084217,seed_44,44,multitask,tst,/mnt/hdd2/homext/wuch/xn2p/run/predict/deeptan/sc_rna_annotated_minmi0.1_top2000_eighth+top_400/preds+seed_44+multitask+tst.pkl
400,1,sc_rna_annotated_minmi0.1_top2000_eighth,DeepTAN,Clustering,preds+seed_45+multitask+tst.pkl,0.9808541973490427,0.4697599,0.6553683,0.0006555613692914619,0.00997591115964378,-0.0011619662219719581,0.0006555613692914619,0.00997591115964378,-0.0011619662219719581,seed_45,45,multitask,tst,/mnt/hdd2/homext/wuch/xn2p/run/predict/deeptan/sc_rna_annotated_minmi0.1_top2000_eighth+top_400/preds+seed_45+multitask+tst.pkl
1600,8,sc_rna_annotated_minmi0.1_top2000,DeepTAN,Clustering,preds+seed_42+multitask+tst.pkl,0.9528718703976435,0.32677734,0.69849,-0.00047098990991236334,0.005640169982526429,-0.0034215374967620895,-0.00047098990991236334,0.005640169982526429,-0.0034215374967620895,seed_42,42,multitask,tst,/mnt/hdd2/homext/wuch/xn2p/run/predict/deeptan/sc_rna_annotated_minmi0.1_top2000+top_1600/preds+seed_42+multitask+tst.pkl
1600,8,sc_rna_annotated_minmi0.1_top2000,DeepTAN,Clustering,preds+seed_46+multitask+tst.pkl,0.9720176730486009,0.024748415,0.59318256,0.00017787614462505015,0.01554591481069238,0.005483044265613047,0.00017787614462505015,0.01554591481069238,0.005483044265613047,seed_46,46,multitask,tst,/mnt/hdd2/homext/wuch/xn2p/run/predict/deeptan/sc_rna_annotated_minmi0.1_top2000+top_1600/preds+seed_46+multitask+tst.pkl
1600,8,sc_rna_annotated_minmi0.1_top2000,DeepTAN,Clustering,preds+seed_44+multitask+tst.pkl,0.9366715758468336,0.4752595,0.6564234,-0.0003760748451480133,0.010299302838411935,-0.0008171476507266274,-0.0003760748451480133,0.010299302838411935,-0.0008171476507266274,seed_44,44,multitask,tst,/mnt/hdd2/homext/wuch/xn2p/run/predict/deeptan/sc_rna_annotated_minmi0.1_top2000+top_1600/preds+seed_44+multitask+tst.pkl
1600,8,sc_rna_annotated_minmi0.1_top2000,DeepTAN,Clustering,preds+seed_45+multitask+tst.pkl,0.9543446244477173,0.28597066,0.6648791,0.000036263792905368406,0.009280272065557576,-0.0008187623352331134,0.000036263792905368406,0.009280272065557576,-0.0008187623352331134,seed_45,45,multitask,tst,/mnt/hdd2/homext/wuch/xn2p/run/predict/deeptan/sc_rna_annotated_minmi0.1_top2000+top_1600/preds+seed_45+multitask+tst.pkl
1600,8,sc_rna_annotated_minmi0.1_top2000,DeepTAN,Clustering,preds+seed_43+multitask+tst.pkl,0.9941089837997055,0.41505927,0.62323874,-0.0024935806390821466,0.015123405897384487,0.004064226012205781,-0.0024935806390821466,0.015123405897384487,0.004064226012205781,seed_43,43,multitask,tst,/mnt/hdd2/homext/wuch/xn2p/run/predict/deeptan/sc_rna_annotated_minmi0.1_top2000+top_1600/preds+seed_43+multitask+tst.pkl
800,2,sc_rna_annotated_minmi0.1_top2000_quarter,DeepTAN,Clustering,preds+seed_42+multitask+tst.pkl,0.9528718703976435,0.3617639,0.5511186,-0.0015616167542245383,0.006314400516258725,-0.002753125456710746,-0.0015616167542245383,0.006314400516258725,-0.002753125456710746,seed_42,42,multitask,tst,/mnt/hdd2/homext/wuch/xn2p/run/predict/deeptan/sc_rna_annotated_minmi0.1_top2000_quarter+top_800/preds+seed_42+multitask+tst.pkl
800,2,sc_rna_annotated_minmi0.1_top2000_quarter,DeepTAN,Clustering,preds+seed_46+multitask+tst.pkl,0.9926362297496318,0.29964995,0.537258,0.0002708746898180456,0.01610573730896552,0.0050605477179915355,0.0002708746898180456,0.01610573730896552,0.0050605477179915355,seed_46,46,multitask,tst,/mnt/hdd2/homext/wuch/xn2p/run/predict/deeptan/sc_rna_annotated_minmi0.1_top2000_quarter+top_800/preds+seed_46+multitask+tst.pkl
800,2,sc_rna_annotated_minmi0.1_top2000_quarter,DeepTAN,Clustering,preds+seed_44+multitask+tst.pkl,0.9690721649484536,0.31429064,0.5040282,0.00376307391196928,0.00919720343322259,0.0001334494832630604,0.00376307391196928,0.00919720343322259,0.0001334494832630604,seed_44,44,multitask,tst,/mnt/hdd2/homext/wuch/xn2p/run/predict/deeptan/sc_rna_annotated_minmi0.1_top2000_quarter+top_800/preds+seed_44+multitask+tst.pkl
800,2,sc_rna_annotated_minmi0.1_top2000_quarter,DeepTAN,Clustering,preds+seed_45+multitask+tst.pkl,0.9720176730486009,0.3587615,0.5318061,-0.0008382486299533371,0.010352745390074733,0.000204160051885685,-0.0008382486299533371,0.010352745390074733,0.000204160051885685,seed_45,45,multitask,tst,/mnt/hdd2/homext/wuch/xn2p/run/predict/deeptan/sc_rna_annotated_minmi0.1_top2000_quarter+top_800/preds+seed_45+multitask+tst.pkl
800,2,sc_rna_annotated_minmi0.1_top2000_quarter,DeepTAN,Clustering,preds+seed_43+multitask+tst.pkl,0.9617083946980854,0.39548814,0.5540874,-0.003985024095555063,0.01022274471688734,0.00004473608417653013,-0.003985024095555063,0.01022274471688734,0.00004473608417653013,seed_43,43,multitask,tst,/mnt/hdd2/homext/wuch/xn2p/run/predict/deeptan/sc_rna_annotated_minmi0.1_top2000_quarter+top_800/preds+seed_43+multitask+tst.pkl
800,4,sc_rna_annotated_minmi0.1_top2000_half,DeepTAN,Clustering,preds+seed_42+multitask+tst.pkl,0.8807069219440353,0.15678713,0.5493932,-0.002442197409605995,0.008292731066250999,-0.0029361774592261713,-0.002442197409605995,0.008292731066250999,-0.0029361774592261713,seed_42,42,multitask,tst,/mnt/hdd2/homext/wuch/xn2p/run/predict/deeptan/sc_rna_annotated_minmi0.1_top2000_half+top_800/preds+seed_42+multitask+tst.pkl
800,4,sc_rna_annotated_minmi0.1_top2000_half,DeepTAN,Clustering,preds+seed_46+multitask+tst.pkl,0.9690721649484536,0.45048264,0.4851002,-0.0026713959966818855,0.008042565076553007,-0.0010179762804365252,-0.0026713959966818855,0.008042565076553007,-0.0010179762804365252,seed_46,46,multitask,tst,/mnt/hdd2/homext/wuch/xn2p/run/predict/deeptan/sc_rna_annotated_minmi0.1_top2000_half+top_800/preds+seed_46+multitask+tst.pkl
800,4,sc_rna_annotated_minmi0.1_top2000_half,DeepTAN,Clustering,preds+seed_44+multitask+tst.pkl,0.9955817378497791,0.415358,0.6401795,0.0006412887692486945,0.01222129120579503,0.002146204087057805,0.0006412887692486945,0.01222129120579503,0.002146204087057805,seed_44,44,multitask,tst,/mnt/hdd2/homext/wuch/xn2p/run/predict/deeptan/sc_rna_annotated_minmi0.1_top2000_half+top_800/preds+seed_44+multitask+tst.pkl
800,4,sc_rna_annotated_minmi0.1_top2000_half,DeepTAN,Clustering,preds+seed_45+multitask+tst.pkl,0.9852724594992637,0.2817841,0.5107145,-0.0019296811210770862,0.006771097792222861,-0.002272691412055457,-0.0019296811210770862,0.006771097792222861,-0.002272691412055457,seed_45,45,multitask,tst,/mnt/hdd2/homext/wuch/xn2p/run/predict/deeptan/sc_rna_annotated_minmi0.1_top2000_half+top_800/preds+seed_45+multitask+tst.pkl
800,4,sc_rna_annotated_minmi0.1_top2000_half,DeepTAN,Clustering,preds+seed_43+multitask+tst.pkl,0.9911634756995582,0.3677795,0.5460237,-0.0026176633712047827,0.007376015472392602,-0.0016525477860931316,-0.0026176633712047827,0.007376015472392602,-0.0016525477860931316,seed_43,43,multitask,tst,/mnt/hdd2/homext/wuch/xn2p/run/predict/deeptan/sc_rna_annotated_minmi0.1_top2000_half+top_800/preds+seed_43+multitask+tst.pkl
1600,1,sc_rna_annotated_minmi0.1_top2000_eighth,DeepTAN,Clustering,preds+seed_42+multitask+tst.pkl,0.9513991163475699,0.29840702,0.64462936,0.0002885886490084245,0.009668034243582554,-0.0014724915825155204,0.0002885886490084245,0.009668034243582554,-0.0014724915825155204,seed_42,42,multitask,tst,/mnt/hdd2/homext/wuch/xn2p/run/predict/deeptan/sc_rna_annotated_minmi0.1_top2000_eighth+top_1600/preds+seed_42+multitask+tst.pkl
1600,1,sc_rna_annotated_minmi0.1_top2000_eighth,DeepTAN,Clustering,preds+seed_46+multitask+tst.pkl,0.9926362297496318,0.47071463,0.576481,-0.001347318477682253,0.008347044725262692,-0.0018217111087365076,-0.001347318477682253,0.008347044725262692,-0.0018217111087365076,seed_46,46,multitask,tst,/mnt/hdd2/homext/wuch/xn2p/run/predict/deeptan/sc_rna_annotated_minmi0.1_top2000_eighth+top_1600/preds+seed_46+multitask+tst.pkl
1600,1,sc_rna_annotated_minmi0.1_top2000_eighth,DeepTAN,Clustering,preds+seed_44+multitask+tst.pkl,0.9661266568483063,0.32532924,0.6241276,0.0036861731874126818,0.014411272996343675,0.004326326008293088,0.0036861731874126818,0.014411272996343675,0.004326326008293088,seed_44,44,multitask,tst,/mnt/hdd2/homext/wuch/xn2p/run/predict/deeptan/sc_rna_annotated_minmi0.1_top2000_eighth+top_1600/preds+seed_44+multitask+tst.pkl
1600,1,sc_rna_annotated_minmi0.1_top2000_eighth,DeepTAN,Clustering,preds+seed_45+multitask+tst.pkl,0.9690721649484536,0.4655032,0.65192556,-0.0009822174234860861,0.011122466063289045,-0.00006831592160906101,-0.0009822174234860861,0.011122466063289045,-0.00006831592160906101,seed_45,45,multitask,tst,/mnt/hdd2/homext/wuch/xn2p/run/predict/deeptan/sc_rna_annotated_minmi0.1_top2000_eighth+top_1600/preds+seed_45+multitask+tst.pkl
1600,1,sc_rna_annotated_minmi0.1_top2000_eighth,DeepTAN,Clustering,preds+seed_43+multitask+tst.pkl,0.9823269513991163,0.42577717,0.5789379,0.0029519434962321785,0.009750876393700189,-0.0013516086109851713,0.0029519434962321785,0.009750876393700189,-0.0013516086109851713,seed_43,43,multitask,tst,/mnt/hdd2/homext/wuch/xn2p/run/predict/deeptan/sc_rna_annotated_minmi0.1_top2000_eighth+top_1600/preds+seed_43+multitask+tst.pkl
1600,4,sc_rna_annotated_minmi0.1_top2000_half,DeepTAN,Clustering,preds+seed_42+multitask+tst.pkl,0.9322533136966127,0.2112447,0.53793186,-0.004056992307254054,0.006447055581800858,-0.0026037511891309844,-0.004056992307254054,0.006447055581800858,-0.0026037511891309844,seed_42,42,multitask,tst,/mnt/hdd2/homext/wuch/xn2p/run/predict/deeptan/sc_rna_annotated_minmi0.1_top2000_half+top_1600/preds+seed_42+multitask+tst.pkl
1600,4,sc_rna_annotated_minmi0.1_top2000_half,DeepTAN,Clustering,preds+seed_46+multitask+tst.pkl,0.9646539027982327,0.49996963,0.52632993,0.0003880174701277584,0.010347507514510497,0.00027762754317110723,0.0003880174701277584,0.010347507514510497,0.00027762754317110723,seed_46,46,multitask,tst,/mnt/hdd2/homext/wuch/xn2p/run/predict/deeptan/sc_rna_annotated_minmi0.1_top2000_half+top_1600/preds+seed_46+multitask+tst.pkl
1600,4,sc_rna_annotated_minmi0.1_top2000_half,DeepTAN,Clustering,preds+seed_44+multitask+tst.pkl,0.9882179675994109,0.3658702,0.6018016,-0.0002948418133513601,0.013661141882004948,0.0046961959272365334,-0.0002948418133513601,0.013661141882004948,0.0046961959272365334,seed_44,44,multitask,tst,/mnt/hdd2/homext/wuch/xn2p/run/predict/deeptan/sc_rna_annotated_minmi0.1_top2000_half+top_1600/preds+seed_44+multitask+tst.pkl
1600,4,sc_rna_annotated_minmi0.1_top2000_half,DeepTAN,Clustering,preds+seed_45+multitask+tst.pkl,0.9720176730486009,0.16322157,0.51199245,-0.00006644440643494862,0.009919203556062735,0.0008611110803875701,-0.00006644440643494862,0.009919203556062735,0.0008611110803875701,seed_45,45,multitask,tst,/mnt/hdd2/homext/wuch/xn2p/run/predict/deeptan/sc_rna_annotated_minmi0.1_top2000_half+top_1600/preds+seed_45+multitask+tst.pkl
1600,4,sc_rna_annotated_minmi0.1_top2000_half,DeepTAN,Clustering,preds+seed_43+multitask+tst.pkl,0.9837997054491899,0.47382203,0.59824556,0.0017937956766955097,0.011073269709973443,0.0009474195340868033,0.0017937956766955097,0.011073269709973443,0.0009474195340868033,seed_43,43,multitask,tst,/mnt/hdd2/homext/wuch/xn2p/run/predict/deeptan/sc_rna_annotated_minmi0.1_top2000_half+top_1600/preds+seed_43+multitask+tst.pkl
2000,4,sc_rna_annotated_minmi0.1_top2000_half,DeepTAN,Clustering,preds+seed_42+multitask+tst.pkl,0.9278350515463918,0.2806738,0.58243805,-0.0015763648303552301,0.008040855631188944,-0.002108802529632396,-0.0015763648303552301,0.008040855631188944,-0.002108802529632396,seed_42,42,multitask,tst,/mnt/hdd2/homext/wuch/xn2p/run/predict/deeptan/sc_rna_annotated_minmi0.1_top2000_half/preds+seed_42+multitask+tst.pkl
2000,4,sc_rna_annotated_minmi0.1_top2000_half,DeepTAN,Clustering,preds+seed_46+multitask+tst.pkl,0.9882179675994109,0.48054147,0.647017,-0.0009503832777191799,0.01233353389776932,0.002162941992092196,-0.0009503832777191799,0.01233353389776932,0.002162941992092196,seed_46,46,multitask,tst,/mnt/hdd2/homext/wuch/xn2p/run/predict/deeptan/sc_rna_annotated_minmi0.1_top2000_half/preds+seed_46+multitask+tst.pkl
2000,4,sc_rna_annotated_minmi0.1_top2000_half,DeepTAN,Clustering,preds+seed_44+multitask+tst.pkl,0.9837997054491899,0.33506837,0.65052575,-0.00012947954123600377,0.011252333734907681,0.0011684917269223114,-0.00012947954123600377,0.011252333734907681,0.0011684917269223114,seed_44,44,multitask,tst,/mnt/hdd2/homext/wuch/xn2p/run/predict/deeptan/sc_rna_annotated_minmi0.1_top2000_half/preds+seed_44+multitask+tst.pkl
2000,4,sc_rna_annotated_minmi0.1_top2000_half,DeepTAN,Clustering,preds+seed_45+multitask+tst.pkl,0.9661266568483063,0.21701288,0.5664295,0.0005626259477598886,0.009996237062225723,-0.00009571427559935863,0.0005626259477598886,0.009996237062225723,-0.00009571427559935863,seed_45,45,multitask,tst,/mnt/hdd2/homext/wuch/xn2p/run/predict/deeptan/sc_rna_annotated_minmi0.1_top2000_half/preds+seed_45+multitask+tst.pkl
2000,4,sc_rna_annotated_minmi0.1_top2000_half,DeepTAN,Clustering,preds+seed_43+multitask+tst.pkl,0.9646539027982327,0.49762484,0.639765,0.0015870452875670076,0.008160986115689382,-0.0008750974241040442,0.0015870452875670076,0.008160986115689382,-0.0008750974241040442,seed_43,43,multitask,tst,/mnt/hdd2/homext/wuch/xn2p/run/predict/deeptan/sc_rna_annotated_minmi0.1_top2000_half/preds+seed_43+multitask+tst.pkl
2000,1,sc_rna_annotated_minmi0.1_top2000_eighth,DeepTAN,Clustering,preds+seed_42+multitask+tst.pkl,0.9955817378497791,0.45435566,0.66734004,0.00020012124245565805,0.00776048203944497,-0.0023746476014181034,0.00020012124245565805,0.00776048203944497,-0.0023746476014181034,seed_42,42,multitask,tst,/mnt/hdd2/homext/wuch/xn2p/run/predict/deeptan/sc_rna_annotated_minmi0.1_top2000_eighth/preds+seed_42+multitask+tst.pkl
2000,1,sc_rna_annotated_minmi0.1_top2000_eighth,DeepTAN,Clustering,preds+seed_46+multitask+tst.pkl,0.9779086892488954,0.50455475,0.5810192,-0.00010099480513496808,0.011054798790435324,0.0009305749427519578,-0.00010099480513496808,0.011054798790435324,0.0009305749427519578,seed_46,46,multitask,tst,/mnt/hdd2/homext/wuch/xn2p/run/predict/deeptan/sc_rna_annotated_minmi0.1_top2000_eighth/preds+seed_46+multitask+tst.pkl
2000,1,sc_rna_annotated_minmi0.1_top2000_eighth,DeepTAN,Clustering,preds+seed_44+multitask+tst.pkl,0.9764359351988218,0.3302983,0.7102857,-0.0029283017311905564,0.012423629271980775,0.001337234690357955,-0.0029283017311905564,0.012423629271980775,0.001337234690357955,seed_44,44,multitask,tst,/mnt/hdd2/homext/wuch/xn2p/run/predict/deeptan/sc_rna_annotated_minmi0.1_top2000_eighth/preds+seed_44+multitask+tst.pkl
2000,1,sc_rna_annotated_minmi0.1_top2000_eighth,DeepTAN,Clustering,preds+seed_45+multitask+tst.pkl,0.9970544918998527,0.46331963,0.6841998,-0.001467523366790951,0.011467200557068869,0.0003848276988614344,-0.001467523366790951,0.011467200557068869,0.0003848276988614344,seed_45,45,multitask,tst,/mnt/hdd2/homext/wuch/xn2p/run/predict/deeptan/sc_rna_annotated_minmi0.1_top2000_eighth/preds+seed_45+multitask+tst.pkl
2000,1,sc_rna_annotated_minmi0.1_top2000_eighth,DeepTAN,Clustering,preds+seed_43+multitask+tst.pkl,0.9808541973490427,0.4469779,0.61600775,0.00029473672079320104,0.008647626137233548,-0.0003930925188549283,0.00029473672079320104,0.008647626137233548,-0.0003930925188549283,seed_43,43,multitask,tst,/mnt/hdd2/homext/wuch/xn2p/run/predict/deeptan/sc_rna_annotated_minmi0.1_top2000_eighth/preds+seed_43+multitask+tst.pkl
2000,2,sc_rna_annotated_minmi0.1_top2000_quarter,DeepTAN,Clustering,preds+seed_42+multitask+tst.pkl,0.9381443298969072,0.413338,0.6256974,-0.0009768080093265977,0.004853291396653039,-0.005272495157729798,-0.0009768080093265977,0.004853291396653039,-0.005272495157729798,seed_42,42,multitask,tst,/mnt/hdd2/homext/wuch/xn2p/run/predict/deeptan/sc_rna_annotated_minmi0.1_top2000_quarter/preds+seed_42+multitask+tst.pkl
2000,2,sc_rna_annotated_minmi0.1_top2000_quarter,DeepTAN,Clustering,preds+seed_46+multitask+tst.pkl,0.9867452135493373,0.28087705,0.56640226,0.0027460619711811136,0.013724572743533777,0.00265626099563968,0.0027460619711811136,0.013724572743533777,0.00265626099563968,seed_46,46,multitask,tst,/mnt/hdd2/homext/wuch/xn2p/run/predict/deeptan/sc_rna_annotated_minmi0.1_top2000_quarter/preds+seed_46+multitask+tst.pkl
2000,2,sc_rna_annotated_minmi0.1_top2000_quarter,DeepTAN,Clustering,preds+seed_44+multitask+tst.pkl,0.9587628865979382,0.23322791,0.5100653,-0.0004984328278156871,0.010615624076747184,0.0005120125197073906,-0.0004984328278156871,0.010615624076747184,0.0005120125197073906,seed_44,44,multitask,tst,/mnt/hdd2/homext/wuch/xn2p/run/predict/deeptan/sc_rna_annotated_minmi0.1_top2000_quarter/preds+seed_44+multitask+tst.pkl
2000,2,sc_rna_annotated_minmi0.1_top2000_quarter,DeepTAN,Clustering,preds+seed_45+multitask+tst.pkl,0.9941089837997055,0.3062236,0.5838613,0.004941125596738663,0.010440467386444989,0.0003187290466163612,0.004941125596738663,0.010440467386444989,0.0003187290466163612,seed_45,45,multitask,tst,/mnt/hdd2/homext/wuch/xn2p/run/predict/deeptan/sc_rna_annotated_minmi0.1_top2000_quarter/preds+seed_45+multitask+tst.pkl
2000,2,sc_rna_annotated_minmi0.1_top2000_quarter,DeepTAN,Clustering,preds+seed_43+multitask+tst.pkl,0.9749631811487481,0.479799,0.6941451,-0.003368907203549642,0.0077092224406352106,-0.003426860667363395,-0.003368907203549642,0.0077092224406352106,-0.003426860667363395,seed_43,43,multitask,tst,/mnt/hdd2/homext/wuch/xn2p/run/predict/deeptan/sc_rna_annotated_minmi0.1_top2000_quarter/preds+seed_43+multitask+tst.pkl
400,8,sc_rna_annotated_minmi0.1_top2000,DeepTAN,Clustering,preds+seed_42+multitask+tst.pkl,0.9970544918998527,0.19472197,0.6828879,-0.0005651349127325676,0.006795544281241058,-0.004353586768187758,-0.0005651349127325676,0.006795544281241058,-0.004353586768187758,seed_42,42,multitask,tst,/mnt/hdd2/homext/wuch/xn2p/run/predict/deeptan/sc_rna_annotated_minmi0.1_top2000+top_400/preds+seed_42+multitask+tst.pkl
400,8,sc_rna_annotated_minmi0.1_top2000,DeepTAN,Clustering,preds+seed_46+multitask+tst.pkl,0.9631811487481591,0.032487422,0.69131696,0.0068701419689540955,0.019195094305386837,0.008174404683289305,0.0068701419689540955,0.019195094305386837,0.008174404683289305,seed_46,46,multitask,tst,/mnt/hdd2/homext/wuch/xn2p/run/predict/deeptan/sc_rna_annotated_minmi0.1_top2000+top_400/preds+seed_46+multitask+tst.pkl
400,8,sc_rna_annotated_minmi0.1_top2000,DeepTAN,Clustering,preds+seed_44+multitask+tst.pkl,0.898379970544919,0.43676394,0.63710034,-0.000014263544777619067,0.0057264246431008746,-0.004457480124459147,-0.000014263544777619067,0.0057264246431008746,-0.004457480124459147,seed_44,44,multitask,tst,/mnt/hdd2/homext/wuch/xn2p/run/predict/deeptan/sc_rna_annotated_minmi0.1_top2000+top_400/preds+seed_44+multitask+tst.pkl
400,8,sc_rna_annotated_minmi0.1_top2000,DeepTAN,Clustering,preds+seed_45+multitask+tst.pkl,0.9558173784977909,0.41525766,0.67273533,-0.0017210515453433316,0.011191218394410198,0.00009083232161214534,-0.0017210515453433316,0.011191218394410198,0.00009083232161214534,seed_45,45,multitask,tst,/mnt/hdd2/homext/wuch/xn2p/run/predict/deeptan/sc_rna_annotated_minmi0.1_top2000+top_400/preds+seed_45+multitask+tst.pkl
400,4,sc_rna_annotated_minmi0.1_top2000_half,DeepTAN,Clustering,preds+seed_42+multitask+tst.pkl,0.9985272459499264,0.13717645,0.64463395,-0.00034957867448821855,0.007155347969727461,-0.0018648541686575844,-0.00034957867448821855,0.007155347969727461,-0.0018648541686575844,seed_42,42,multitask,tst,/mnt/hdd2/homext/wuch/xn2p/run/predict/deeptan/sc_rna_annotated_minmi0.1_top2000_half+top_400/preds+seed_42+multitask+tst.pkl
400,4,sc_rna_annotated_minmi0.1_top2000_half,DeepTAN,Clustering,preds+seed_46+multitask+tst.pkl,0.9955817378497791,0.43183258,0.62275904,-0.0008986728214545458,0.014495812999501626,0.005476484258542909,-0.0008986728214545458,0.014495812999501626,0.005476484258542909,seed_46,46,multitask,tst,/mnt/hdd2/homext/wuch/xn2p/run/predict/deeptan/sc_rna_annotated_minmi0.1_top2000_half+top_400/preds+seed_46+multitask+tst.pkl
400,4,sc_rna_annotated_minmi0.1_top2000_half,DeepTAN,Clustering,preds+seed_44+multitask+tst.pkl,0.9882179675994109,0.4693535,0.6428184,0.000814937526191592,0.008148382277360528,-0.0020383454463411854,0.000814937526191592,0.008148382277360528,-0.0020383454463411854,seed_44,44,multitask,tst,/mnt/hdd2/homext/wuch/xn2p/run/predict/deeptan/sc_rna_annotated_minmi0.1_top2000_half+top_400/preds+seed_44+multitask+tst.pkl
400,4,sc_rna_annotated_minmi0.1_top2000_half,DeepTAN,Clustering,preds+seed_45+multitask+tst.pkl,0.9882179675994109,0.2431682,0.5550213,0.0025845427331490493,0.010862297813395094,0.0007194064644314139,0.0025845427331490493,0.010862297813395094,0.0007194064644314139,seed_45,45,multitask,tst,/mnt/hdd2/homext/wuch/xn2p/run/predict/deeptan/sc_rna_annotated_minmi0.1_top2000_half+top_400/preds+seed_45+multitask+tst.pkl
1600,2,sc_rna_annotated_minmi0.1_top2000_quarter,DeepTAN,Clustering,preds+seed_42+multitask+tst.pkl,0.9661266568483063,0.34905082,0.5615589,-0.0008132273958281682,0.004972323687782664,-0.004101220865061033,-0.0008132273958281682,0.004972323687782664,-0.004101220865061033,seed_42,42,multitask,tst,/mnt/hdd2/homext/wuch/xn2p/run/predict/deeptan/sc_rna_annotated_minmi0.1_top2000_quarter+top_1600/preds+seed_42+multitask+tst.pkl
1600,2,sc_rna_annotated_minmi0.1_top2000_quarter,DeepTAN,Clustering,preds+seed_46+multitask+tst.pkl,0.9543446244477173,0.32125968,0.520813,-0.00012364563356939367,0.012754611568075442,0.0026910357441781536,-0.00012364563356939367,0.012754611568075442,0.0026910357441781536,seed_46,46,multitask,tst,/mnt/hdd2/homext/wuch/xn2p/run/predict/deeptan/sc_rna_annotated_minmi0.1_top2000_quarter+top_1600/preds+seed_46+multitask+tst.pkl
1600,2,sc_rna_annotated_minmi0.1_top2000_quarter,DeepTAN,Clustering,preds+seed_44+multitask+tst.pkl,0.9381443298969072,0.42504886,0.4897188,0.001543178985827865,0.009015527912850374,3.474489331209727e-6,0.001543178985827865,0.009015527912850374,3.474489331209727e-6,seed_44,44,multitask,tst,/mnt/hdd2/homext/wuch/xn2p/run/predict/deeptan/sc_rna_annotated_minmi0.1_top2000_quarter+top_1600/preds+seed_44+multitask+tst.pkl
1600,2,sc_rna_annotated_minmi0.1_top2000_quarter,DeepTAN,Clustering,preds+seed_45+multitask+tst.pkl,0.9911634756995582,0.3740373,0.5652543,-0.00012066456633929483,0.006240912268117296,-0.0027968549389203504,-0.00012066456633929483,0.006240912268117296,-0.0027968549389203504,seed_45,45,multitask,tst,/mnt/hdd2/homext/wuch/xn2p/run/predict/deeptan/sc_rna_annotated_minmi0.1_top2000_quarter+top_1600/preds+seed_45+multitask+tst.pkl
1600,2,sc_rna_annotated_minmi0.1_top2000_quarter,DeepTAN,Clustering,preds+seed_43+multitask+tst.pkl,0.9734904270986745,0.47595775,0.6453644,0.002275273404313617,0.009424677327988268,-0.0006796761773377057,0.002275273404313617,0.009424677327988268,-0.0006796761773377057,seed_43,43,multitask,tst,/mnt/hdd2/homext/wuch/xn2p/run/predict/deeptan/sc_rna_annotated_minmi0.1_top2000_quarter+top_1600/preds+seed_43+multitask+tst.pkl
1200,4,sc_rna_annotated_minmi0.1_top2000_half,DeepTAN,Clustering,preds+seed_42+multitask+tst.pkl,0.96759941089838,0.18019098,0.58663726,-0.0044703800875322474,0.01177992593335331,0.0016821203545623685,-0.0044703800875322474,0.01177992593335331,0.0016821203545623685,seed_42,42,multitask,tst,/mnt/hdd2/homext/wuch/xn2p/run/predict/deeptan/sc_rna_annotated_minmi0.1_top2000_half+top_1200/preds+seed_42+multitask+tst.pkl
1200,4,sc_rna_annotated_minmi0.1_top2000_half,DeepTAN,Clustering,preds+seed_46+multitask+tst.pkl,0.9572901325478645,0.3241937,0.5191674,-0.0002811308279233941,0.008300752174629401,-0.0028278753597521253,-0.0002811308279233941,0.008300752174629401,-0.0028278753597521253,seed_46,46,multitask,tst,/mnt/hdd2/homext/wuch/xn2p/run/predict/deeptan/sc_rna_annotated_minmi0.1_top2000_half+top_1200/preds+seed_46+multitask+tst.pkl
1200,4,sc_rna_annotated_minmi0.1_top2000_half,DeepTAN,Clustering,preds+seed_44+multitask+tst.pkl,0.96759941089838,0.40814534,0.5946275,-0.00291800606055175,0.0103611869793285,0.00020493533427659976,-0.00291800606055175,0.0103611869793285,0.00020493533427659976,seed_44,44,multitask,tst,/mnt/hdd2/homext/wuch/xn2p/run/predict/deeptan/sc_rna_annotated_minmi0.1_top2000_half+top_1200/preds+seed_44+multitask+tst.pkl
1200,4,sc_rna_annotated_minmi0.1_top2000_half,DeepTAN,Clustering,preds+seed_45+multitask+tst.pkl,0.9779086892488954,0.19057736,0.52202284,-0.002935463498493212,0.008162084415914681,-0.0019871527021037574,-0.002935463498493212,0.008162084415914681,-0.0019871527021037574,seed_45,45,multitask,tst,/mnt/hdd2/homext/wuch/xn2p/run/predict/deeptan/sc_rna_annotated_minmi0.1_top2000_half+top_1200/preds+seed_45+multitask+tst.pkl
1200,4,sc_rna_annotated_minmi0.1_top2000_half,DeepTAN,Clustering,preds+seed_43+multitask+tst.pkl,0.9882179675994109,0.47381136,0.6071284,-0.0007061945975661582,0.010817290183194802,0.0017965539466123627,-0.0007061945975661582,0.010817290183194802,0.0017965539466123627,seed_43,43,multitask,tst,/mnt/hdd2/homext/wuch/xn2p/run/predict/deeptan/sc_rna_annotated_minmi0.1_top2000_half+top_1200/preds+seed_43+multitask+tst.pkl
800,1,sc_rna_annotated_minmi0.1_top2000_eighth,DeepTAN,Clustering,preds+seed_42+multitask+tst.pkl,0.9425625920471281,0.34556928,0.61003876,-0.0005957491593454504,0.005387758886400953,-0.004767648398090552,-0.0005957491593454504,0.005387758886400953,-0.004767648398090552,seed_42,42,multitask,tst,/mnt/hdd2/homext/wuch/xn2p/run/predict/deeptan/sc_rna_annotated_minmi0.1_top2000_eighth+top_800/preds+seed_42+multitask+tst.pkl
800,1,sc_rna_annotated_minmi0.1_top2000_eighth,DeepTAN,Clustering,preds+seed_46+multitask+tst.pkl,0.9808541973490427,0.45114997,0.5919619,0.0026699948308481934,0.01278009998623189,0.002729611648113416,0.0026699948308481934,0.01278009998623189,0.002729611648113416,seed_46,46,multitask,tst,/mnt/hdd2/homext/wuch/xn2p/run/predict/deeptan/sc_rna_annotated_minmi0.1_top2000_eighth+top_800/preds+seed_46+multitask+tst.pkl
800,1,sc_rna_annotated_minmi0.1_top2000_eighth,DeepTAN,Clustering,preds+seed_44+multitask+tst.pkl,0.9661266568483063,0.38943082,0.60971034,0.004097263753975578,0.01263423519581627,0.0024337765257055393,0.004097263753975578,0.01263423519581627,0.0024337765257055393,seed_44,44,multitask,tst,/mnt/hdd2/homext/wuch/xn2p/run/predict/deeptan/sc_rna_annotated_minmi0.1_top2000_eighth+top_800/preds+seed_44+multitask+tst.pkl
800,1,sc_rna_annotated_minmi0.1_top2000_eighth,DeepTAN,Clustering,preds+seed_45+multitask+tst.pkl,0.9970544918998527,0.4819503,0.62998486,0.001833033487377814,0.006971476912965813,-0.0031525379706497667,0.001833033487377814,0.006971476912965813,-0.0031525379706497667,seed_45,45,multitask,tst,/mnt/hdd2/homext/wuch/xn2p/run/predict/deeptan/sc_rna_annotated_minmi0.1_top2000_eighth+top_800/preds+seed_45+multitask+tst.pkl
800,1,sc_rna_annotated_minmi0.1_top2000_eighth,DeepTAN,Clustering,preds+seed_43+multitask+tst.pkl,0.9631811487481591,0.44448304,0.56018776,0.0010875357304922755,0.010676971795619019,0.0016665247961559198,0.0010875357304922755,0.010676971795619019,0.0016665247961559198,seed_43,43,multitask,tst,/mnt/hdd2/homext/wuch/xn2p/run/predict/deeptan/sc_rna_annotated_minmi0.1_top2000_eighth+top_800/preds+seed_43+multitask+tst.pkl
