Method,Capability,fname,metric,sample_mean,feature_mean,seed,seed_num,task,split,path
DeepTAN,Feature Reconstruction,preds+seed_42+multitask_noguide+trn.h5,mse,0.6091967913185314,0.6091967913185327,seed_42,42,multitask_noguide,trn,/mnt/hdd2/homext/wuch/xn2p/run/predict/deeptan/sc_multiome_minmi0.35_top2000/preds+seed_42+multitask_noguide+trn.h5
DeepTAN,Feature Reconstruction,preds+seed_42+multitask_noguide+trn.h5,mae,0.41894387091127533,0.41894387091127566,seed_42,42,multitask_noguide,trn,/mnt/hdd2/homext/wuch/xn2p/run/predict/deeptan/sc_multiome_minmi0.35_top2000/preds+seed_42+multitask_noguide+trn.h5
DeepTAN,Feature Reconstruction,preds+seed_42+multitask_noguide+trn.h5,jsd,0.09448896347721479,0.06292275493499959,seed_42,42,multitask_noguide,trn,/mnt/hdd2/homext/wuch/xn2p/run/predict/deeptan/sc_multiome_minmi0.35_top2000/preds+seed_42+multitask_noguide+trn.h5
DeepTAN,Feature Reconstruction,preds+seed_42+multitask_noguide+trn.h5,pcc,0.003459174459748027,-0.003798833769713377,seed_42,42,multitask_noguide,trn,/mnt/hdd2/homext/wuch/xn2p/run/predict/deeptan/sc_multiome_minmi0.35_top2000/preds+seed_42+multitask_noguide+trn.h5
DeepTAN,Feature Reconstruction,preds+seed_42+multitask_noguide+trn.h5,spearman,-0.010983396546693688,-0.007807952840160572,seed_42,42,multitask_noguide,trn,/mnt/hdd2/homext/wuch/xn2p/run/predict/deeptan/sc_multiome_minmi0.35_top2000/preds+seed_42+multitask_noguide+trn.h5
DeepTAN,Feature Reconstruction,preds+seed_46+multitask+tst.h5,mse,0.6157028999346299,0.6157028999346298,seed_46,46,multitask,tst,/mnt/hdd2/homext/wuch/xn2p/run/predict/deeptan/sc_multiome_minmi0.35_top2000/preds+seed_46+multitask+tst.h5
DeepTAN,Feature Reconstruction,preds+seed_46+multitask+tst.h5,mae,0.42107120575954515,0.42107120575954515,seed_46,46,multitask,tst,/mnt/hdd2/homext/wuch/xn2p/run/predict/deeptan/sc_multiome_minmi0.35_top2000/preds+seed_46+multitask+tst.h5
DeepTAN,Feature Reconstruction,preds+seed_46+multitask+tst.h5,jsd,0.09597800064749112,0.06423608018572434,seed_46,46,multitask,tst,/mnt/hdd2/homext/wuch/xn2p/run/predict/deeptan/sc_multiome_minmi0.35_top2000/preds+seed_46+multitask+tst.h5
DeepTAN,Feature Reconstruction,preds+seed_46+multitask+tst.h5,pcc,-0.009193506201990338,0.0110175949615492,seed_46,46,multitask,tst,/mnt/hdd2/homext/wuch/xn2p/run/predict/deeptan/sc_multiome_minmi0.35_top2000/preds+seed_46+multitask+tst.h5
DeepTAN,Feature Reconstruction,preds+seed_46+multitask+tst.h5,spearman,-0.010422191600870542,0.006873616688667383,seed_46,46,multitask,tst,/mnt/hdd2/homext/wuch/xn2p/run/predict/deeptan/sc_multiome_minmi0.35_top2000/preds+seed_46+multitask+tst.h5
DeepTAN,Feature Reconstruction,preds+seed_44+multitask+tst.h5,mse,0.6294531277254242,0.629453127725424,seed_44,44,multitask,tst,/mnt/hdd2/homext/wuch/xn2p/run/predict/deeptan/sc_multiome_minmi0.35_top2000/preds+seed_44+multitask+tst.h5
DeepTAN,Feature Reconstruction,preds+seed_44+multitask+tst.h5,mae,0.4231127553191344,0.4231127553191343,seed_44,44,multitask,tst,/mnt/hdd2/homext/wuch/xn2p/run/predict/deeptan/sc_multiome_minmi0.35_top2000/preds+seed_44+multitask+tst.h5
DeepTAN,Feature Reconstruction,preds+seed_44+multitask+tst.h5,jsd,0.09898645855724358,0.06220699503779601,seed_44,44,multitask,tst,/mnt/hdd2/homext/wuch/xn2p/run/predict/deeptan/sc_multiome_minmi0.35_top2000/preds+seed_44+multitask+tst.h5
DeepTAN,Feature Reconstruction,preds+seed_44+multitask+tst.h5,pcc,0.002727413403451093,0.007713986605176396,seed_44,44,multitask,tst,/mnt/hdd2/homext/wuch/xn2p/run/predict/deeptan/sc_multiome_minmi0.35_top2000/preds+seed_44+multitask+tst.h5
DeepTAN,Feature Reconstruction,preds+seed_44+multitask+tst.h5,spearman,0.012238481527127794,0.015058722653797126,seed_44,44,multitask,tst,/mnt/hdd2/homext/wuch/xn2p/run/predict/deeptan/sc_multiome_minmi0.35_top2000/preds+seed_44+multitask+tst.h5
DeepTAN,Feature Reconstruction,preds+seed_42+focus_recon+val.h5,mse,0.5921364383155607,0.5921364383155605,seed_42,42,focus_recon,val,/mnt/hdd2/homext/wuch/xn2p/run/predict/deeptan/sc_multiome_minmi0.35_top2000/preds+seed_42+focus_recon+val.h5
DeepTAN,Feature Reconstruction,preds+seed_42+focus_recon+val.h5,mae,0.4138377535679959,0.41383775356799585,seed_42,42,focus_recon,val,/mnt/hdd2/homext/wuch/xn2p/run/predict/deeptan/sc_multiome_minmi0.35_top2000/preds+seed_42+focus_recon+val.h5
DeepTAN,Feature Reconstruction,preds+seed_42+focus_recon+val.h5,jsd,0.09197531052922735,0.061568709932676026,seed_42,42,focus_recon,val,/mnt/hdd2/homext/wuch/xn2p/run/predict/deeptan/sc_multiome_minmi0.35_top2000/preds+seed_42+focus_recon+val.h5
DeepTAN,Feature Reconstruction,preds+seed_42+focus_recon+val.h5,pcc,0.004200133667609325,-0.005263900202259625,seed_42,42,focus_recon,val,/mnt/hdd2/homext/wuch/xn2p/run/predict/deeptan/sc_multiome_minmi0.35_top2000/preds+seed_42+focus_recon+val.h5
DeepTAN,Feature Reconstruction,preds+seed_42+focus_recon+val.h5,spearman,0.0005627878496945792,-0.0050993671709698134,seed_42,42,focus_recon,val,/mnt/hdd2/homext/wuch/xn2p/run/predict/deeptan/sc_multiome_minmi0.35_top2000/preds+seed_42+focus_recon+val.h5
DeepTAN,Feature Reconstruction,preds+seed_42+focus_label_on_focus_recon+tst.h5,mse,0.46999489454218246,0.4699948945421827,seed_42,42,focus_label_on_focus_recon,tst,/mnt/hdd2/homext/wuch/xn2p/run/predict/deeptan/sc_multiome_minmi0.35_top2000/preds+seed_42+focus_label_on_focus_recon+tst.h5
DeepTAN,Feature Reconstruction,preds+seed_42+focus_label_on_focus_recon+tst.h5,mae,0.3548808587261102,0.3548808587261101,seed_42,42,focus_label_on_focus_recon,tst,/mnt/hdd2/homext/wuch/xn2p/run/predict/deeptan/sc_multiome_minmi0.35_top2000/preds+seed_42+focus_label_on_focus_recon+tst.h5
DeepTAN,Feature Reconstruction,preds+seed_42+focus_label_on_focus_recon+tst.h5,jsd,0.06191695386097007,0.05244897175805618,seed_42,42,focus_label_on_focus_recon,tst,/mnt/hdd2/homext/wuch/xn2p/run/predict/deeptan/sc_multiome_minmi0.35_top2000/preds+seed_42+focus_label_on_focus_recon+tst.h5
DeepTAN,Feature Reconstruction,preds+seed_42+focus_label_on_focus_recon+tst.h5,pcc,0.0036657921108699497,-0.0006071737891088527,seed_42,42,focus_label_on_focus_recon,tst,/mnt/hdd2/homext/wuch/xn2p/run/predict/deeptan/sc_multiome_minmi0.35_top2000/preds+seed_42+focus_label_on_focus_recon+tst.h5
DeepTAN,Feature Reconstruction,preds+seed_42+focus_label_on_focus_recon+tst.h5,spearman,-0.012375581203780671,0.0017459272989286464,seed_42,42,focus_label_on_focus_recon,tst,/mnt/hdd2/homext/wuch/xn2p/run/predict/deeptan/sc_multiome_minmi0.35_top2000/preds+seed_42+focus_label_on_focus_recon+tst.h5
DeepTAN,Feature Reconstruction,preds+seed_42+focus_recon+trn.h5,mse,0.6112475155948787,0.6112475155948808,seed_42,42,focus_recon,trn,/mnt/hdd2/homext/wuch/xn2p/run/predict/deeptan/sc_multiome_minmi0.35_top2000/preds+seed_42+focus_recon+trn.h5
DeepTAN,Feature Reconstruction,preds+seed_42+focus_recon+trn.h5,mae,0.42162646082160093,0.42162646082160127,seed_42,42,focus_recon,trn,/mnt/hdd2/homext/wuch/xn2p/run/predict/deeptan/sc_multiome_minmi0.35_top2000/preds+seed_42+focus_recon+trn.h5
DeepTAN,Feature Reconstruction,preds+seed_42+focus_recon+trn.h5,jsd,0.09426214286492839,0.06322860362279435,seed_42,42,focus_recon,trn,/mnt/hdd2/homext/wuch/xn2p/run/predict/deeptan/sc_multiome_minmi0.35_top2000/preds+seed_42+focus_recon+trn.h5
DeepTAN,Feature Reconstruction,preds+seed_42+focus_recon+trn.h5,pcc,0.003432158105814541,0.003076363683241791,seed_42,42,focus_recon,trn,/mnt/hdd2/homext/wuch/xn2p/run/predict/deeptan/sc_multiome_minmi0.35_top2000/preds+seed_42+focus_recon+trn.h5
DeepTAN,Feature Reconstruction,preds+seed_42+focus_recon+trn.h5,spearman,0.0001099330151904275,0.005002374077682557,seed_42,42,focus_recon,trn,/mnt/hdd2/homext/wuch/xn2p/run/predict/deeptan/sc_multiome_minmi0.35_top2000/preds+seed_42+focus_recon+trn.h5
DeepTAN,Feature Reconstruction,preds+seed_42+focus_recon+tst.h5,mse,0.47143090899661194,0.47143090899661216,seed_42,42,focus_recon,tst,/mnt/hdd2/homext/wuch/xn2p/run/predict/deeptan/sc_multiome_minmi0.35_top2000/preds+seed_42+focus_recon+tst.h5
DeepTAN,Feature Reconstruction,preds+seed_42+focus_recon+tst.h5,mae,0.3571745430629835,0.3571745430629834,seed_42,42,focus_recon,tst,/mnt/hdd2/homext/wuch/xn2p/run/predict/deeptan/sc_multiome_minmi0.35_top2000/preds+seed_42+focus_recon+tst.h5
DeepTAN,Feature Reconstruction,preds+seed_42+focus_recon+tst.h5,jsd,0.06245007818913942,0.05245409507370317,seed_42,42,focus_recon,tst,/mnt/hdd2/homext/wuch/xn2p/run/predict/deeptan/sc_multiome_minmi0.35_top2000/preds+seed_42+focus_recon+tst.h5
DeepTAN,Feature Reconstruction,preds+seed_42+focus_recon+tst.h5,pcc,0.003544515192058753,-0.0008573179423668738,seed_42,42,focus_recon,tst,/mnt/hdd2/homext/wuch/xn2p/run/predict/deeptan/sc_multiome_minmi0.35_top2000/preds+seed_42+focus_recon+tst.h5
DeepTAN,Feature Reconstruction,preds+seed_42+focus_recon+tst.h5,spearman,-0.00871900217868241,-0.001353740665220105,seed_42,42,focus_recon,tst,/mnt/hdd2/homext/wuch/xn2p/run/predict/deeptan/sc_multiome_minmi0.35_top2000/preds+seed_42+focus_recon+tst.h5
DeepTAN,Feature Reconstruction,preds+seed_43+focus_recon+tst.h5,mse,0.6012863934443266,0.6012863934443267,seed_43,43,focus_recon,tst,/mnt/hdd2/homext/wuch/xn2p/run/predict/deeptan/sc_multiome_minmi0.35_top2000/preds+seed_43+focus_recon+tst.h5
DeepTAN,Feature Reconstruction,preds+seed_43+focus_recon+tst.h5,mae,0.4079462457823347,0.40794624578233457,seed_43,43,focus_recon,tst,/mnt/hdd2/homext/wuch/xn2p/run/predict/deeptan/sc_multiome_minmi0.35_top2000/preds+seed_43+focus_recon+tst.h5
DeepTAN,Feature Reconstruction,preds+seed_43+focus_recon+tst.h5,jsd,0.09372398660303081,0.06261750906310551,seed_43,43,focus_recon,tst,/mnt/hdd2/homext/wuch/xn2p/run/predict/deeptan/sc_multiome_minmi0.35_top2000/preds+seed_43+focus_recon+tst.h5
DeepTAN,Feature Reconstruction,preds+seed_43+focus_recon+tst.h5,pcc,0.0003523985419994433,-0.03192627853277621,seed_43,43,focus_recon,tst,/mnt/hdd2/homext/wuch/xn2p/run/predict/deeptan/sc_multiome_minmi0.35_top2000/preds+seed_43+focus_recon+tst.h5
DeepTAN,Feature Reconstruction,preds+seed_43+focus_recon+tst.h5,spearman,0.017289087587406163,-0.012431911349333412,seed_43,43,focus_recon,tst,/mnt/hdd2/homext/wuch/xn2p/run/predict/deeptan/sc_multiome_minmi0.35_top2000/preds+seed_43+focus_recon+tst.h5
DeepTAN,Feature Reconstruction,preds+seed_42+multitask_noguide+val.h5,mse,0.5910152613065659,0.5910152613065656,seed_42,42,multitask_noguide,val,/mnt/hdd2/homext/wuch/xn2p/run/predict/deeptan/sc_multiome_minmi0.35_top2000/preds+seed_42+multitask_noguide+val.h5
DeepTAN,Feature Reconstruction,preds+seed_42+multitask_noguide+val.h5,mae,0.41129161131091896,0.41129161131091896,seed_42,42,multitask_noguide,val,/mnt/hdd2/homext/wuch/xn2p/run/predict/deeptan/sc_multiome_minmi0.35_top2000/preds+seed_42+multitask_noguide+val.h5
DeepTAN,Feature Reconstruction,preds+seed_42+multitask_noguide+val.h5,jsd,0.09247102177645655,0.06123302694305922,seed_42,42,multitask_noguide,val,/mnt/hdd2/homext/wuch/xn2p/run/predict/deeptan/sc_multiome_minmi0.35_top2000/preds+seed_42+multitask_noguide+val.h5
DeepTAN,Feature Reconstruction,preds+seed_42+multitask_noguide+val.h5,pcc,0.004237013986879151,-0.011404195070807706,seed_42,42,multitask_noguide,val,/mnt/hdd2/homext/wuch/xn2p/run/predict/deeptan/sc_multiome_minmi0.35_top2000/preds+seed_42+multitask_noguide+val.h5
DeepTAN,Feature Reconstruction,preds+seed_42+multitask_noguide+val.h5,spearman,-0.009913267830250387,-0.004465556963430852,seed_42,42,multitask_noguide,val,/mnt/hdd2/homext/wuch/xn2p/run/predict/deeptan/sc_multiome_minmi0.35_top2000/preds+seed_42+multitask_noguide+val.h5
DeepTAN,Feature Reconstruction,preds+seed_43+multitask+tst.h5,mse,0.597927179947481,0.5979271799474808,seed_43,43,multitask,tst,/mnt/hdd2/homext/wuch/xn2p/run/predict/deeptan/sc_multiome_minmi0.35_top2000/preds+seed_43+multitask+tst.h5
DeepTAN,Feature Reconstruction,preds+seed_43+multitask+tst.h5,mae,0.4070762271288849,0.40707622712888486,seed_43,43,multitask,tst,/mnt/hdd2/homext/wuch/xn2p/run/predict/deeptan/sc_multiome_minmi0.35_top2000/preds+seed_43+multitask+tst.h5
DeepTAN,Feature Reconstruction,preds+seed_43+multitask+tst.h5,jsd,0.0939794889538791,0.062011823528529124,seed_43,43,multitask,tst,/mnt/hdd2/homext/wuch/xn2p/run/predict/deeptan/sc_multiome_minmi0.35_top2000/preds+seed_43+multitask+tst.h5
DeepTAN,Feature Reconstruction,preds+seed_43+multitask+tst.h5,pcc,0.0008322776261479759,-0.004027682019113946,seed_43,43,multitask,tst,/mnt/hdd2/homext/wuch/xn2p/run/predict/deeptan/sc_multiome_minmi0.35_top2000/preds+seed_43+multitask+tst.h5
DeepTAN,Feature Reconstruction,preds+seed_43+multitask+tst.h5,spearman,-0.007763079341130608,0.001065608719862504,seed_43,43,multitask,tst,/mnt/hdd2/homext/wuch/xn2p/run/predict/deeptan/sc_multiome_minmi0.35_top2000/preds+seed_43+multitask+tst.h5
DeepTAN,Feature Reconstruction,preds+seed_42+focus_label+trn.h5,mse,0.39634227357323504,0.3963422735732366,seed_42,42,focus_label,trn,/mnt/hdd2/homext/wuch/xn2p/run/predict/deeptan/sc_multiome_minmi0.35_top2000/preds+seed_42+focus_label+trn.h5
DeepTAN,Feature Reconstruction,preds+seed_42+focus_label+trn.h5,mae,0.45707722425588887,0.4570772242558895,seed_42,42,focus_label,trn,/mnt/hdd2/homext/wuch/xn2p/run/predict/deeptan/sc_multiome_minmi0.35_top2000/preds+seed_42+focus_label+trn.h5
DeepTAN,Feature Reconstruction,preds+seed_42+focus_label+trn.h5,jsd,0.059202832072842666,0.055143352520405545,seed_42,42,focus_label,trn,/mnt/hdd2/homext/wuch/xn2p/run/predict/deeptan/sc_multiome_minmi0.35_top2000/preds+seed_42+focus_label+trn.h5
DeepTAN,Feature Reconstruction,preds+seed_42+focus_label+trn.h5,pcc,-0.001920031889167227,-0.009708087176073067,seed_42,42,focus_label,trn,/mnt/hdd2/homext/wuch/xn2p/run/predict/deeptan/sc_multiome_minmi0.35_top2000/preds+seed_42+focus_label+trn.h5
DeepTAN,Feature Reconstruction,preds+seed_42+focus_label+trn.h5,spearman,0.0003585519569018875,-0.01312756039484128,seed_42,42,focus_label,trn,/mnt/hdd2/homext/wuch/xn2p/run/predict/deeptan/sc_multiome_minmi0.35_top2000/preds+seed_42+focus_label+trn.h5
DeepTAN,Feature Reconstruction,preds+seed_42+multitask_noguide+tst.h5,mse,0.46873333910589765,0.46873333910589765,seed_42,42,multitask_noguide,tst,/mnt/hdd2/homext/wuch/xn2p/run/predict/deeptan/sc_multiome_minmi0.35_top2000/preds+seed_42+multitask_noguide+tst.h5
DeepTAN,Feature Reconstruction,preds+seed_42+multitask_noguide+tst.h5,mae,0.35781654238709454,0.3578165423870944,seed_42,42,multitask_noguide,tst,/mnt/hdd2/homext/wuch/xn2p/run/predict/deeptan/sc_multiome_minmi0.35_top2000/preds+seed_42+multitask_noguide+tst.h5
DeepTAN,Feature Reconstruction,preds+seed_42+multitask_noguide+tst.h5,jsd,0.06375275320350492,0.05244479147958198,seed_42,42,multitask_noguide,tst,/mnt/hdd2/homext/wuch/xn2p/run/predict/deeptan/sc_multiome_minmi0.35_top2000/preds+seed_42+multitask_noguide+tst.h5
DeepTAN,Feature Reconstruction,preds+seed_42+multitask_noguide+tst.h5,pcc,0.0022972340730316137,0.0010604292885587107,seed_42,42,multitask_noguide,tst,/mnt/hdd2/homext/wuch/xn2p/run/predict/deeptan/sc_multiome_minmi0.35_top2000/preds+seed_42+multitask_noguide+tst.h5
DeepTAN,Feature Reconstruction,preds+seed_42+multitask_noguide+tst.h5,spearman,-0.0021247307357017057,-0.0032336622395318982,seed_42,42,multitask_noguide,tst,/mnt/hdd2/homext/wuch/xn2p/run/predict/deeptan/sc_multiome_minmi0.35_top2000/preds+seed_42+multitask_noguide+tst.h5
DeepTAN,Feature Reconstruction,preds+seed_45+multitask+tst.h5,mse,0.5845285021219668,0.5845285021219668,seed_45,45,multitask,tst,/mnt/hdd2/homext/wuch/xn2p/run/predict/deeptan/sc_multiome_minmi0.35_top2000/preds+seed_45+multitask+tst.h5
DeepTAN,Feature Reconstruction,preds+seed_45+multitask+tst.h5,mae,0.4111969701547682,0.4111969701547681,seed_45,45,multitask,tst,/mnt/hdd2/homext/wuch/xn2p/run/predict/deeptan/sc_multiome_minmi0.35_top2000/preds+seed_45+multitask+tst.h5
DeepTAN,Feature Reconstruction,preds+seed_45+multitask+tst.h5,jsd,0.09082776785889127,0.05964509703787249,seed_45,45,multitask,tst,/mnt/hdd2/homext/wuch/xn2p/run/predict/deeptan/sc_multiome_minmi0.35_top2000/preds+seed_45+multitask+tst.h5
DeepTAN,Feature Reconstruction,preds+seed_45+multitask+tst.h5,pcc,0.015176983573734324,-0.01584111472473648,seed_45,45,multitask,tst,/mnt/hdd2/homext/wuch/xn2p/run/predict/deeptan/sc_multiome_minmi0.35_top2000/preds+seed_45+multitask+tst.h5
DeepTAN,Feature Reconstruction,preds+seed_45+multitask+tst.h5,spearman,0.013652473794561604,-0.018357230389230452,seed_45,45,multitask,tst,/mnt/hdd2/homext/wuch/xn2p/run/predict/deeptan/sc_multiome_minmi0.35_top2000/preds+seed_45+multitask+tst.h5
DeepTAN,Feature Reconstruction,preds+seed_42+multitask+tst.h5,mse,0.49021884164920043,0.49021884164920015,seed_42,42,multitask,tst,/mnt/hdd2/homext/wuch/xn2p/run/predict/deeptan/sc_multiome_minmi0.35_top2000/preds+seed_42+multitask+tst.h5
DeepTAN,Feature Reconstruction,preds+seed_42+multitask+tst.h5,mae,0.4184976583355394,0.41849765833553926,seed_42,42,multitask,tst,/mnt/hdd2/homext/wuch/xn2p/run/predict/deeptan/sc_multiome_minmi0.35_top2000/preds+seed_42+multitask+tst.h5
DeepTAN,Feature Reconstruction,preds+seed_42+multitask+tst.h5,jsd,0.07313158044714038,0.05275823066995243,seed_42,42,multitask,tst,/mnt/hdd2/homext/wuch/xn2p/run/predict/deeptan/sc_multiome_minmi0.35_top2000/preds+seed_42+multitask+tst.h5
DeepTAN,Feature Reconstruction,preds+seed_42+multitask+tst.h5,pcc,-0.006865091257016884,0.0012913937334471774,seed_42,42,multitask,tst,/mnt/hdd2/homext/wuch/xn2p/run/predict/deeptan/sc_multiome_minmi0.35_top2000/preds+seed_42+multitask+tst.h5
DeepTAN,Feature Reconstruction,preds+seed_42+multitask+tst.h5,spearman,-0.011232616708755236,-0.0010824705762217772,seed_42,42,multitask,tst,/mnt/hdd2/homext/wuch/xn2p/run/predict/deeptan/sc_multiome_minmi0.35_top2000/preds+seed_42+multitask+tst.h5
DeepTAN,Feature Reconstruction,preds+seed_43+multitask_noguide+tst.h5,mse,0.5973103679353089,0.5973103679353087,seed_43,43,multitask_noguide,tst,/mnt/hdd2/homext/wuch/xn2p/run/predict/deeptan/sc_multiome_minmi0.35_top2000/preds+seed_43+multitask_noguide+tst.h5
DeepTAN,Feature Reconstruction,preds+seed_43+multitask_noguide+tst.h5,mae,0.4087234246132434,0.4087234246132433,seed_43,43,multitask_noguide,tst,/mnt/hdd2/homext/wuch/xn2p/run/predict/deeptan/sc_multiome_minmi0.35_top2000/preds+seed_43+multitask_noguide+tst.h5
DeepTAN,Feature Reconstruction,preds+seed_43+multitask_noguide+tst.h5,jsd,0.09271306265871657,0.06250785471035518,seed_43,43,multitask_noguide,tst,/mnt/hdd2/homext/wuch/xn2p/run/predict/deeptan/sc_multiome_minmi0.35_top2000/preds+seed_43+multitask_noguide+tst.h5
DeepTAN,Feature Reconstruction,preds+seed_43+multitask_noguide+tst.h5,pcc,0.0004455509391321468,-0.02660882783166116,seed_43,43,multitask_noguide,tst,/mnt/hdd2/homext/wuch/xn2p/run/predict/deeptan/sc_multiome_minmi0.35_top2000/preds+seed_43+multitask_noguide+tst.h5
DeepTAN,Feature Reconstruction,preds+seed_43+multitask_noguide+tst.h5,spearman,-0.013382630603858381,-0.017608128208773048,seed_43,43,multitask_noguide,tst,/mnt/hdd2/homext/wuch/xn2p/run/predict/deeptan/sc_multiome_minmi0.35_top2000/preds+seed_43+multitask_noguide+tst.h5
DeepTAN,Feature Reconstruction,preds+seed_42+multitask+trn.h5,mse,0.6090476717079816,0.6090476717079828,seed_42,42,multitask,trn,/mnt/hdd2/homext/wuch/xn2p/run/predict/deeptan/sc_multiome_minmi0.35_top2000/preds+seed_42+multitask+trn.h5
DeepTAN,Feature Reconstruction,preds+seed_42+multitask+trn.h5,mae,0.41554681729353343,0.41554681729353377,seed_42,42,multitask,trn,/mnt/hdd2/homext/wuch/xn2p/run/predict/deeptan/sc_multiome_minmi0.35_top2000/preds+seed_42+multitask+trn.h5
DeepTAN,Feature Reconstruction,preds+seed_42+multitask+trn.h5,jsd,0.09508931298201354,0.06285821496056243,seed_42,42,multitask,trn,/mnt/hdd2/homext/wuch/xn2p/run/predict/deeptan/sc_multiome_minmi0.35_top2000/preds+seed_42+multitask+trn.h5
DeepTAN,Feature Reconstruction,preds+seed_42+multitask+trn.h5,pcc,0.003994660499685565,0.0049019249492881535,seed_42,42,multitask,trn,/mnt/hdd2/homext/wuch/xn2p/run/predict/deeptan/sc_multiome_minmi0.35_top2000/preds+seed_42+multitask+trn.h5
DeepTAN,Feature Reconstruction,preds+seed_42+multitask+trn.h5,spearman,0.014338975792490459,0.006463310411083153,seed_42,42,multitask,trn,/mnt/hdd2/homext/wuch/xn2p/run/predict/deeptan/sc_multiome_minmi0.35_top2000/preds+seed_42+multitask+trn.h5
DeepTAN,Feature Reconstruction,preds+seed_44+multitask_noguide+tst.h5,mse,0.6048047717463494,0.6048047717463494,seed_44,44,multitask_noguide,tst,/mnt/hdd2/homext/wuch/xn2p/run/predict/deeptan/sc_multiome_minmi0.35_top2000/preds+seed_44+multitask_noguide+tst.h5
DeepTAN,Feature Reconstruction,preds+seed_44+multitask_noguide+tst.h5,mae,0.41722201790078967,0.41722201790078955,seed_44,44,multitask_noguide,tst,/mnt/hdd2/homext/wuch/xn2p/run/predict/deeptan/sc_multiome_minmi0.35_top2000/preds+seed_44+multitask_noguide+tst.h5
DeepTAN,Feature Reconstruction,preds+seed_44+multitask_noguide+tst.h5,jsd,0.09304215899103316,0.06197076363690205,seed_44,44,multitask_noguide,tst,/mnt/hdd2/homext/wuch/xn2p/run/predict/deeptan/sc_multiome_minmi0.35_top2000/preds+seed_44+multitask_noguide+tst.h5
DeepTAN,Feature Reconstruction,preds+seed_44+multitask_noguide+tst.h5,pcc,0.00290620536020747,-0.009811377220644657,seed_44,44,multitask_noguide,tst,/mnt/hdd2/homext/wuch/xn2p/run/predict/deeptan/sc_multiome_minmi0.35_top2000/preds+seed_44+multitask_noguide+tst.h5
DeepTAN,Feature Reconstruction,preds+seed_44+multitask_noguide+tst.h5,spearman,0.014358753778887004,-0.01724213804029192,seed_44,44,multitask_noguide,tst,/mnt/hdd2/homext/wuch/xn2p/run/predict/deeptan/sc_multiome_minmi0.35_top2000/preds+seed_44+multitask_noguide+tst.h5
DeepTAN,Feature Reconstruction,preds+seed_43+focus_label+tst.h5,mse,0.43241976555410966,0.4324197655541099,seed_43,43,focus_label,tst,/mnt/hdd2/homext/wuch/xn2p/run/predict/deeptan/sc_multiome_minmi0.35_top2000/preds+seed_43+focus_label+tst.h5
DeepTAN,Feature Reconstruction,preds+seed_43+focus_label+tst.h5,mae,0.3610262918604367,0.3610262918604366,seed_43,43,focus_label,tst,/mnt/hdd2/homext/wuch/xn2p/run/predict/deeptan/sc_multiome_minmi0.35_top2000/preds+seed_43+focus_label+tst.h5
DeepTAN,Feature Reconstruction,preds+seed_43+focus_label+tst.h5,jsd,0.05904888173503761,0.05331014852240094,seed_43,43,focus_label,tst,/mnt/hdd2/homext/wuch/xn2p/run/predict/deeptan/sc_multiome_minmi0.35_top2000/preds+seed_43+focus_label+tst.h5
DeepTAN,Feature Reconstruction,preds+seed_43+focus_label+tst.h5,pcc,-0.06348783323582462,0.03042977951132725,seed_43,43,focus_label,tst,/mnt/hdd2/homext/wuch/xn2p/run/predict/deeptan/sc_multiome_minmi0.35_top2000/preds+seed_43+focus_label+tst.h5
DeepTAN,Feature Reconstruction,preds+seed_43+focus_label+tst.h5,spearman,-0.07123593050324406,0.025418821649363914,seed_43,43,focus_label,tst,/mnt/hdd2/homext/wuch/xn2p/run/predict/deeptan/sc_multiome_minmi0.35_top2000/preds+seed_43+focus_label+tst.h5
DeepTAN,Feature Reconstruction,preds+seed_42+multitask+val.h5,mse,0.5920207031570971,0.5920207031570971,seed_42,42,multitask,val,/mnt/hdd2/homext/wuch/xn2p/run/predict/deeptan/sc_multiome_minmi0.35_top2000/preds+seed_42+multitask+val.h5
DeepTAN,Feature Reconstruction,preds+seed_42+multitask+val.h5,mae,0.40823137480560445,0.40823137480560434,seed_42,42,multitask,val,/mnt/hdd2/homext/wuch/xn2p/run/predict/deeptan/sc_multiome_minmi0.35_top2000/preds+seed_42+multitask+val.h5
DeepTAN,Feature Reconstruction,preds+seed_42+multitask+val.h5,jsd,0.09323675273068344,0.06142085309598704,seed_42,42,multitask,val,/mnt/hdd2/homext/wuch/xn2p/run/predict/deeptan/sc_multiome_minmi0.35_top2000/preds+seed_42+multitask+val.h5
DeepTAN,Feature Reconstruction,preds+seed_42+multitask+val.h5,pcc,0.004751586110135275,0.016299159255125744,seed_42,42,multitask,val,/mnt/hdd2/homext/wuch/xn2p/run/predict/deeptan/sc_multiome_minmi0.35_top2000/preds+seed_42+multitask+val.h5
DeepTAN,Feature Reconstruction,preds+seed_42+multitask+val.h5,spearman,0.0153137455930018,0.0012827985659256027,seed_42,42,multitask,val,/mnt/hdd2/homext/wuch/xn2p/run/predict/deeptan/sc_multiome_minmi0.35_top2000/preds+seed_42+multitask+val.h5
DeepTAN,Feature Reconstruction,preds+seed_44+focus_recon+tst.h5,mse,0.6131953715684877,0.6131953715684877,seed_44,44,focus_recon,tst,/mnt/hdd2/homext/wuch/xn2p/run/predict/deeptan/sc_multiome_minmi0.35_top2000/preds+seed_44+focus_recon+tst.h5
DeepTAN,Feature Reconstruction,preds+seed_44+focus_recon+tst.h5,mae,0.42074878649856945,0.4207487864985694,seed_44,44,focus_recon,tst,/mnt/hdd2/homext/wuch/xn2p/run/predict/deeptan/sc_multiome_minmi0.35_top2000/preds+seed_44+focus_recon+tst.h5
DeepTAN,Feature Reconstruction,preds+seed_44+focus_recon+tst.h5,jsd,0.09502380101585116,0.06243388565997934,seed_44,44,focus_recon,tst,/mnt/hdd2/homext/wuch/xn2p/run/predict/deeptan/sc_multiome_minmi0.35_top2000/preds+seed_44+focus_recon+tst.h5
DeepTAN,Feature Reconstruction,preds+seed_44+focus_recon+tst.h5,pcc,0.00296350934560875,-0.00977298288104452,seed_44,44,focus_recon,tst,/mnt/hdd2/homext/wuch/xn2p/run/predict/deeptan/sc_multiome_minmi0.35_top2000/preds+seed_44+focus_recon+tst.h5
DeepTAN,Feature Reconstruction,preds+seed_44+focus_recon+tst.h5,spearman,0.016202440717318498,-0.01719053535735532,seed_44,44,focus_recon,tst,/mnt/hdd2/homext/wuch/xn2p/run/predict/deeptan/sc_multiome_minmi0.35_top2000/preds+seed_44+focus_recon+tst.h5
DeepTAN,Feature Reconstruction,preds+seed_42+focus_label+tst.h5,mse,0.39252701226216274,0.39252701226216297,seed_42,42,focus_label,tst,/mnt/hdd2/homext/wuch/xn2p/run/predict/deeptan/sc_multiome_minmi0.35_top2000/preds+seed_42+focus_label+tst.h5
DeepTAN,Feature Reconstruction,preds+seed_42+focus_label+tst.h5,mae,0.4786435531922465,0.47864355319224644,seed_42,42,focus_label,tst,/mnt/hdd2/homext/wuch/xn2p/run/predict/deeptan/sc_multiome_minmi0.35_top2000/preds+seed_42+focus_label+tst.h5
DeepTAN,Feature Reconstruction,preds+seed_42+focus_label+tst.h5,jsd,0.06075700434432915,0.05247790118833601,seed_42,42,focus_label,tst,/mnt/hdd2/homext/wuch/xn2p/run/predict/deeptan/sc_multiome_minmi0.35_top2000/preds+seed_42+focus_label+tst.h5
DeepTAN,Feature Reconstruction,preds+seed_42+focus_label+tst.h5,pcc,0.001143720838215665,0.00357016232756881,seed_42,42,focus_label,tst,/mnt/hdd2/homext/wuch/xn2p/run/predict/deeptan/sc_multiome_minmi0.35_top2000/preds+seed_42+focus_label+tst.h5
DeepTAN,Feature Reconstruction,preds+seed_42+focus_label+tst.h5,spearman,0.0025631342452989495,0.006283938680477391,seed_42,42,focus_label,tst,/mnt/hdd2/homext/wuch/xn2p/run/predict/deeptan/sc_multiome_minmi0.35_top2000/preds+seed_42+focus_label+tst.h5
DeepTAN,Feature Reconstruction,preds+seed_42+focus_label+val.h5,mse,0.38392498075223586,0.383924980752236,seed_42,42,focus_label,val,/mnt/hdd2/homext/wuch/xn2p/run/predict/deeptan/sc_multiome_minmi0.35_top2000/preds+seed_42+focus_label+val.h5
DeepTAN,Feature Reconstruction,preds+seed_42+focus_label+val.h5,mae,0.4533446610407337,0.4533446610407336,seed_42,42,focus_label,val,/mnt/hdd2/homext/wuch/xn2p/run/predict/deeptan/sc_multiome_minmi0.35_top2000/preds+seed_42+focus_label+val.h5
DeepTAN,Feature Reconstruction,preds+seed_42+focus_label+val.h5,jsd,0.057951882699390805,0.05349547981124238,seed_42,42,focus_label,val,/mnt/hdd2/homext/wuch/xn2p/run/predict/deeptan/sc_multiome_minmi0.35_top2000/preds+seed_42+focus_label+val.h5
DeepTAN,Feature Reconstruction,preds+seed_42+focus_label+val.h5,pcc,-0.003145434615873899,-0.011542982566459243,seed_42,42,focus_label,val,/mnt/hdd2/homext/wuch/xn2p/run/predict/deeptan/sc_multiome_minmi0.35_top2000/preds+seed_42+focus_label+val.h5
DeepTAN,Feature Reconstruction,preds+seed_42+focus_label+val.h5,spearman,-0.0010958556495740618,-0.00010299282048739843,seed_42,42,focus_label,val,/mnt/hdd2/homext/wuch/xn2p/run/predict/deeptan/sc_multiome_minmi0.35_top2000/preds+seed_42+focus_label+val.h5
DeepTAN,Feature Reconstruction,preds+seed_42+multitask_new+tst.h5,mse,0.5998112566672021,0.5998112566672023,seed_42,42,multitask_new,tst,/mnt/hdd2/homext/wuch/xn2p/run/predict/deeptan/sc_multiome_minmi0.35_top2000/preds+seed_42+multitask_new+tst.h5
DeepTAN,Feature Reconstruction,preds+seed_42+multitask_new+tst.h5,mae,0.4206500483024362,0.4206500483024361,seed_42,42,multitask_new,tst,/mnt/hdd2/homext/wuch/xn2p/run/predict/deeptan/sc_multiome_minmi0.35_top2000/preds+seed_42+multitask_new+tst.h5
DeepTAN,Feature Reconstruction,preds+seed_42+multitask_new+tst.h5,jsd,0.09038074370520538,0.06084160969231827,seed_42,42,multitask_new,tst,/mnt/hdd2/homext/wuch/xn2p/run/predict/deeptan/sc_multiome_minmi0.35_top2000/preds+seed_42+multitask_new+tst.h5
DeepTAN,Feature Reconstruction,preds+seed_42+multitask_new+tst.h5,pcc,-0.00008306077618143231,-0.0022077407646509564,seed_42,42,multitask_new,tst,/mnt/hdd2/homext/wuch/xn2p/run/predict/deeptan/sc_multiome_minmi0.35_top2000/preds+seed_42+multitask_new+tst.h5
DeepTAN,Feature Reconstruction,preds+seed_42+multitask_new+tst.h5,spearman,-0.0004433999154996153,0.0020985131690903656,seed_42,42,multitask_new,tst,/mnt/hdd2/homext/wuch/xn2p/run/predict/deeptan/sc_multiome_minmi0.35_top2000/preds+seed_42+multitask_new+tst.h5
DeepTAN,Feature Reconstruction,preds+seed_44+focus_label+tst.h5,mse,1.186095785082788,1.1860957850827882,seed_44,44,focus_label,tst,/mnt/hdd2/homext/wuch/xn2p/run/predict/deeptan/sc_multiome_minmi0.35_top2000/preds+seed_44+focus_label+tst.h5
DeepTAN,Feature Reconstruction,preds+seed_44+focus_label+tst.h5,mae,0.8821548059253057,0.8821548059253053,seed_44,44,focus_label,tst,/mnt/hdd2/homext/wuch/xn2p/run/predict/deeptan/sc_multiome_minmi0.35_top2000/preds+seed_44+focus_label+tst.h5
DeepTAN,Feature Reconstruction,preds+seed_44+focus_label+tst.h5,jsd,0.06100042400642605,0.05549511752735789,seed_44,44,focus_label,tst,/mnt/hdd2/homext/wuch/xn2p/run/predict/deeptan/sc_multiome_minmi0.35_top2000/preds+seed_44+focus_label+tst.h5
DeepTAN,Feature Reconstruction,preds+seed_44+focus_label+tst.h5,pcc,-0.0530624386455486,0.01654272753181863,seed_44,44,focus_label,tst,/mnt/hdd2/homext/wuch/xn2p/run/predict/deeptan/sc_multiome_minmi0.35_top2000/preds+seed_44+focus_label+tst.h5
DeepTAN,Feature Reconstruction,preds+seed_44+focus_label+tst.h5,spearman,-0.0621544319449551,-0.005552734378042538,seed_44,44,focus_label,tst,/mnt/hdd2/homext/wuch/xn2p/run/predict/deeptan/sc_multiome_minmi0.35_top2000/preds+seed_44+focus_label+tst.h5
