n_feat,trn_grad,trn_data,Method,Capability,fname,weighted_f1,macro_f1,micro_f1,auroc,auprc,accuracy,weighted_precision,weighted_recall,seed,seed_num,task,split,path
800,8,sc_rna_annotated_minmi0.1_top2000,DeepTAN,Labelling,preds+seed_42+multitask+tst.pkl,0.2665145735434383,0.15193375929389502,0.2650957290132548,0.5230579163031811,0.5563783829314639,0.2650957290132548,0.5504045854224411,0.2650957290132548,seed_42,42,multitask,tst,/mnt/hdd2/homext/wuch/xn2p/run/predict/deeptan/sc_rna_annotated_minmi0.1_top2000+top_800/preds+seed_42+multitask+tst.pkl
800,8,sc_rna_annotated_minmi0.1_top2000,DeepTAN,Labelling,preds+seed_46+multitask+tst.pkl,0.530325647368663,0.2453247437444644,0.5184094256259205,0.5085577613202742,0.5537355034897014,0.5184094256259205,0.5479266772922365,0.5184094256259205,seed_46,46,multitask,tst,/mnt/hdd2/homext/wuch/xn2p/run/predict/deeptan/sc_rna_annotated_minmi0.1_top2000+top_800/preds+seed_46+multitask+tst.pkl
800,8,sc_rna_annotated_minmi0.1_top2000,DeepTAN,Labelling,preds+seed_44+multitask+tst.pkl,0.5816780231236387,0.2065687121866897,0.7039764359351989,0.49422249684844327,0.5414076400108543,0.7039764359351989,0.49558282235202517,0.7039764359351989,seed_44,44,multitask,tst,/mnt/hdd2/homext/wuch/xn2p/run/predict/deeptan/sc_rna_annotated_minmi0.1_top2000+top_800/preds+seed_44+multitask+tst.pkl
800,8,sc_rna_annotated_minmi0.1_top2000,DeepTAN,Labelling,preds+seed_45+multitask+tst.pkl,0.05901627347487628,0.07888198757763976,0.187039764359352,0.4946382267481207,0.5440575918041384,0.187039764359352,0.03503547208501136,0.187039764359352,seed_45,45,multitask,tst,/mnt/hdd2/homext/wuch/xn2p/run/predict/deeptan/sc_rna_annotated_minmi0.1_top2000+top_800/preds+seed_45+multitask+tst.pkl
800,8,sc_rna_annotated_minmi0.1_top2000,DeepTAN,Labelling,preds+seed_43+multitask+tst.pkl,0.0024681634591136804,0.00881245423799728,0.007363770250368188,0.501496992530263,0.5435940339881067,0.007363770250368188,0.0064788405449412115,0.007363770250368188,seed_43,43,multitask,tst,/mnt/hdd2/homext/wuch/xn2p/run/predict/deeptan/sc_rna_annotated_minmi0.1_top2000+top_800/preds+seed_43+multitask+tst.pkl
1200,1,sc_rna_annotated_minmi0.1_top2000_eighth,DeepTAN,Labelling,preds+seed_42+multitask+tst.pkl,0.37159600789051694,0.18806954799862602,0.3166421207658321,0.4895693182034877,0.5406504107164393,0.3166421207658321,0.5177413742727232,0.3166421207658321,seed_42,42,multitask,tst,/mnt/hdd2/homext/wuch/xn2p/run/predict/deeptan/sc_rna_annotated_minmi0.1_top2000_eighth+top_1200/preds+seed_42+multitask+tst.pkl
1200,1,sc_rna_annotated_minmi0.1_top2000_eighth,DeepTAN,Labelling,preds+seed_46+multitask+tst.pkl,0.46588296955718006,0.24102720000495537,0.4256259204712813,0.5264899597722666,0.5675152242663786,0.4256259204712813,0.5462636860764082,0.4256259204712813,seed_46,46,multitask,tst,/mnt/hdd2/homext/wuch/xn2p/run/predict/deeptan/sc_rna_annotated_minmi0.1_top2000_eighth+top_1200/preds+seed_46+multitask+tst.pkl
1200,1,sc_rna_annotated_minmi0.1_top2000_eighth,DeepTAN,Labelling,preds+seed_44+multitask+tst.pkl,0.40232261614121195,0.20509195276325776,0.3475699558173785,0.49021280794200023,0.5490797744930028,0.3475699558173785,0.5531819261675089,0.3475699558173785,seed_44,44,multitask,tst,/mnt/hdd2/homext/wuch/xn2p/run/predict/deeptan/sc_rna_annotated_minmi0.1_top2000_eighth+top_1200/preds+seed_44+multitask+tst.pkl
1200,1,sc_rna_annotated_minmi0.1_top2000_eighth,DeepTAN,Labelling,preds+seed_45+multitask+tst.pkl,0.19848151611068138,0.1439482081796018,0.1958762886597938,0.5125195981172475,0.5352328639754352,0.1958762886597938,0.5018610260883036,0.1958762886597938,seed_45,45,multitask,tst,/mnt/hdd2/homext/wuch/xn2p/run/predict/deeptan/sc_rna_annotated_minmi0.1_top2000_eighth+top_1200/preds+seed_45+multitask+tst.pkl
1200,1,sc_rna_annotated_minmi0.1_top2000_eighth,DeepTAN,Labelling,preds+seed_43+multitask+tst.pkl,0.27193932471649607,0.1771696600368825,0.25184094256259204,0.49425673850770163,0.5440516722178135,0.25184094256259204,0.5273413161077576,0.25184094256259204,seed_43,43,multitask,tst,/mnt/hdd2/homext/wuch/xn2p/run/predict/deeptan/sc_rna_annotated_minmi0.1_top2000_eighth+top_1200/preds+seed_43+multitask+tst.pkl
400,2,sc_rna_annotated_minmi0.1_top2000_quarter,DeepTAN,Labelling,preds+seed_42+multitask+tst.pkl,0.4160815627935265,0.2331755734350107,0.3711340206185567,0.5154376221671553,0.5596428223298362,0.3711340206185567,0.5445214586872558,0.3711340206185567,seed_42,42,multitask,tst,/mnt/hdd2/homext/wuch/xn2p/run/predict/deeptan/sc_rna_annotated_minmi0.1_top2000_quarter+top_400/preds+seed_42+multitask+tst.pkl
400,2,sc_rna_annotated_minmi0.1_top2000_quarter,DeepTAN,Labelling,preds+seed_46+multitask+tst.pkl,0.28113115364905017,0.1608369389334459,0.2709867452135493,0.4874708790541905,0.5402868527205498,0.2709867452135493,0.5308723876148397,0.2709867452135493,seed_46,46,multitask,tst,/mnt/hdd2/homext/wuch/xn2p/run/predict/deeptan/sc_rna_annotated_minmi0.1_top2000_quarter+top_400/preds+seed_46+multitask+tst.pkl
400,2,sc_rna_annotated_minmi0.1_top2000_quarter,DeepTAN,Labelling,preds+seed_44+multitask+tst.pkl,0.5413956076390457,0.23050869120654396,0.5581737849779087,0.4971640709869147,0.554086635257699,0.5581737849779087,0.526227682287617,0.5581737849779087,seed_44,44,multitask,tst,/mnt/hdd2/homext/wuch/xn2p/run/predict/deeptan/sc_rna_annotated_minmi0.1_top2000_quarter+top_400/preds+seed_44+multitask+tst.pkl
400,2,sc_rna_annotated_minmi0.1_top2000_quarter,DeepTAN,Labelling,preds+seed_45+multitask+tst.pkl,0.41998375132935606,0.2408088348515925,0.3755522827687776,0.5195549592333227,0.5607473905557908,0.3755522827687776,0.5663241397777481,0.3755522827687776,seed_45,45,multitask,tst,/mnt/hdd2/homext/wuch/xn2p/run/predict/deeptan/sc_rna_annotated_minmi0.1_top2000_quarter+top_400/preds+seed_45+multitask+tst.pkl
2000,8,sc_rna_annotated_minmi0.1_top2000,DeepTAN,Labelling,preds+seed_42+multitask+tst.pkl,0.49390430331351276,0.23000356644943748,0.4698085419734904,0.4744032958627619,0.5244829660145621,0.4698085419734904,0.5249190591028094,0.4698085419734904,seed_42,42,multitask,tst,/mnt/hdd2/homext/wuch/xn2p/run/predict/deeptan/sc_rna_annotated_minmi0.1_top2000/preds+seed_42+multitask+tst.pkl
2000,8,sc_rna_annotated_minmi0.1_top2000,DeepTAN,Labelling,preds+seed_46+multitask+tst.pkl,0.5884288792978043,0.2766023391023391,0.605301914580265,0.5233310211904636,0.5558054223858564,0.605301914580265,0.5875615045681676,0.605301914580265,seed_46,46,multitask,tst,/mnt/hdd2/homext/wuch/xn2p/run/predict/deeptan/sc_rna_annotated_minmi0.1_top2000/preds+seed_46+multitask+tst.pkl
2000,8,sc_rna_annotated_minmi0.1_top2000,DeepTAN,Labelling,preds+seed_44+multitask+tst.pkl,0.5816780231236387,0.2065687121866897,0.7039764359351989,0.5257285262551764,0.5517709257005174,0.7039764359351989,0.49558282235202517,0.7039764359351989,seed_44,44,multitask,tst,/mnt/hdd2/homext/wuch/xn2p/run/predict/deeptan/sc_rna_annotated_minmi0.1_top2000/preds+seed_44+multitask+tst.pkl
2000,8,sc_rna_annotated_minmi0.1_top2000,DeepTAN,Labelling,preds+seed_45+multitask+tst.pkl,0.5816780231236387,0.2065687121866897,0.7039764359351989,0.5230655695097199,0.5663958108380535,0.7039764359351989,0.49558282235202517,0.7039764359351989,seed_45,45,multitask,tst,/mnt/hdd2/homext/wuch/xn2p/run/predict/deeptan/sc_rna_annotated_minmi0.1_top2000/preds+seed_45+multitask+tst.pkl
2000,8,sc_rna_annotated_minmi0.1_top2000,DeepTAN,Labelling,preds+seed_43+multitask+tst.pkl,0.00006900165388339152,0.0029282576866764276,0.005891016200294551,0.5024490931623355,0.5495266929788265,0.005891016200294551,0.000034704071872132844,0.005891016200294551,seed_43,43,multitask,tst,/mnt/hdd2/homext/wuch/xn2p/run/predict/deeptan/sc_rna_annotated_minmi0.1_top2000/preds+seed_43+multitask+tst.pkl
1200,8,sc_rna_annotated_minmi0.1_top2000,DeepTAN,Labelling,preds+seed_42+multitask+tst.pkl,0.2718747911854631,0.149657043089458,0.26362297496318116,0.5063369049361991,0.5437878902364791,0.26362297496318116,0.5399779756703356,0.26362297496318116,seed_42,42,multitask,tst,/mnt/hdd2/homext/wuch/xn2p/run/predict/deeptan/sc_rna_annotated_minmi0.1_top2000+top_1200/preds+seed_42+multitask+tst.pkl
1200,8,sc_rna_annotated_minmi0.1_top2000,DeepTAN,Labelling,preds+seed_46+multitask+tst.pkl,0.535672177316149,0.24867256637168142,0.5272459499263623,0.5071719913655125,0.5512278192165165,0.5272459499263623,0.5470463459530134,0.5272459499263623,seed_46,46,multitask,tst,/mnt/hdd2/homext/wuch/xn2p/run/predict/deeptan/sc_rna_annotated_minmi0.1_top2000+top_1200/preds+seed_46+multitask+tst.pkl
1200,8,sc_rna_annotated_minmi0.1_top2000,DeepTAN,Labelling,preds+seed_44+multitask+tst.pkl,0.5816780231236387,0.2065687121866897,0.7039764359351989,0.49656712496059957,0.5452150576785849,0.7039764359351989,0.49558282235202517,0.7039764359351989,seed_44,44,multitask,tst,/mnt/hdd2/homext/wuch/xn2p/run/predict/deeptan/sc_rna_annotated_minmi0.1_top2000+top_1200/preds+seed_44+multitask+tst.pkl
1200,8,sc_rna_annotated_minmi0.1_top2000,DeepTAN,Labelling,preds+seed_45+multitask+tst.pkl,0.05894305229190496,0.07878411910669975,0.187039764359352,0.521570424943617,0.5671380371844401,0.187039764359352,0.03498387345160192,0.187039764359352,seed_45,45,multitask,tst,/mnt/hdd2/homext/wuch/xn2p/run/predict/deeptan/sc_rna_annotated_minmi0.1_top2000+top_1200/preds+seed_45+multitask+tst.pkl
1200,8,sc_rna_annotated_minmi0.1_top2000,DeepTAN,Labelling,preds+seed_43+multitask+tst.pkl,0.0026798669271594975,0.009296472974495738,0.007363770250368188,0.5146222005204881,0.5606432943456074,0.007363770250368188,0.011489923968766868,0.007363770250368188,seed_43,43,multitask,tst,/mnt/hdd2/homext/wuch/xn2p/run/predict/deeptan/sc_rna_annotated_minmi0.1_top2000+top_1200/preds+seed_43+multitask+tst.pkl
1200,2,sc_rna_annotated_minmi0.1_top2000_quarter,DeepTAN,Labelling,preds+seed_42+multitask+tst.pkl,0.46066054128057077,0.24535324599248975,0.41973490427098675,0.5116675370426692,0.5586425899617949,0.41973490427098675,0.5540071746333356,0.41973490427098675,seed_42,42,multitask,tst,/mnt/hdd2/homext/wuch/xn2p/run/predict/deeptan/sc_rna_annotated_minmi0.1_top2000_quarter+top_1200/preds+seed_42+multitask+tst.pkl
1200,2,sc_rna_annotated_minmi0.1_top2000_quarter,DeepTAN,Labelling,preds+seed_46+multitask+tst.pkl,0.46959474498282416,0.25904640272456364,0.43593519882179677,0.5349014686720682,0.56721418935842,0.43593519882179677,0.5896524691949389,0.43593519882179677,seed_46,46,multitask,tst,/mnt/hdd2/homext/wuch/xn2p/run/predict/deeptan/sc_rna_annotated_minmi0.1_top2000_quarter+top_1200/preds+seed_46+multitask+tst.pkl
1200,2,sc_rna_annotated_minmi0.1_top2000_quarter,DeepTAN,Labelling,preds+seed_44+multitask+tst.pkl,0.5501726426948481,0.24906669539928045,0.5581737849779087,0.5033080295424236,0.5480582307603834,0.5581737849779087,0.5464179772128012,0.5581737849779087,seed_44,44,multitask,tst,/mnt/hdd2/homext/wuch/xn2p/run/predict/deeptan/sc_rna_annotated_minmi0.1_top2000_quarter+top_1200/preds+seed_44+multitask+tst.pkl
1200,2,sc_rna_annotated_minmi0.1_top2000_quarter,DeepTAN,Labelling,preds+seed_45+multitask+tst.pkl,0.44285305458689056,0.243269797139549,0.3946980854197349,0.5221013099410605,0.546617630610909,0.3946980854197349,0.5575983396690125,0.3946980854197349,seed_45,45,multitask,tst,/mnt/hdd2/homext/wuch/xn2p/run/predict/deeptan/sc_rna_annotated_minmi0.1_top2000_quarter+top_1200/preds+seed_45+multitask+tst.pkl
1200,2,sc_rna_annotated_minmi0.1_top2000_quarter,DeepTAN,Labelling,preds+seed_43+multitask+tst.pkl,0.19239965430503042,0.12994463577313745,0.18409425625920472,0.49166699611701564,0.5401754268769479,0.18409425625920472,0.5379867544595612,0.18409425625920472,seed_43,43,multitask,tst,/mnt/hdd2/homext/wuch/xn2p/run/predict/deeptan/sc_rna_annotated_minmi0.1_top2000_quarter+top_1200/preds+seed_43+multitask+tst.pkl
400,1,sc_rna_annotated_minmi0.1_top2000_eighth,DeepTAN,Labelling,preds+seed_42+multitask+tst.pkl,0.40839426919441335,0.2037749833065889,0.3637702503681885,0.49743018944544903,0.5428202314359238,0.3637702503681885,0.5230434351773167,0.3637702503681885,seed_42,42,multitask,tst,/mnt/hdd2/homext/wuch/xn2p/run/predict/deeptan/sc_rna_annotated_minmi0.1_top2000_eighth+top_400/preds+seed_42+multitask+tst.pkl
400,1,sc_rna_annotated_minmi0.1_top2000_eighth,DeepTAN,Labelling,preds+seed_46+multitask+tst.pkl,0.3959139852235644,0.20669435182768894,0.3490427098674521,0.4946325029750183,0.5416197285349746,0.3490427098674521,0.524973596192557,0.3490427098674521,seed_46,46,multitask,tst,/mnt/hdd2/homext/wuch/xn2p/run/predict/deeptan/sc_rna_annotated_minmi0.1_top2000_eighth+top_400/preds+seed_46+multitask+tst.pkl
400,1,sc_rna_annotated_minmi0.1_top2000_eighth,DeepTAN,Labelling,preds+seed_44+multitask+tst.pkl,0.4046015520134655,0.19459089286112785,0.36818851251840945,0.5027357619391074,0.5447888360833402,0.36818851251840945,0.5364096048217522,0.36818851251840945,seed_44,44,multitask,tst,/mnt/hdd2/homext/wuch/xn2p/run/predict/deeptan/sc_rna_annotated_minmi0.1_top2000_eighth+top_400/preds+seed_44+multitask+tst.pkl
400,1,sc_rna_annotated_minmi0.1_top2000_eighth,DeepTAN,Labelling,preds+seed_45+multitask+tst.pkl,0.146288130334883,0.12605496333164126,0.16494845360824742,0.4883562937384792,0.528583220355842,0.16494845360824742,0.417783862760575,0.16494845360824742,seed_45,45,multitask,tst,/mnt/hdd2/homext/wuch/xn2p/run/predict/deeptan/sc_rna_annotated_minmi0.1_top2000_eighth+top_400/preds+seed_45+multitask+tst.pkl
1600,8,sc_rna_annotated_minmi0.1_top2000,DeepTAN,Labelling,preds+seed_42+multitask+tst.pkl,0.3224441771329778,0.15846273291925467,0.29455081001472755,0.5068407551169969,0.5459799142737457,0.29455081001472755,0.5503557419123657,0.29455081001472755,seed_42,42,multitask,tst,/mnt/hdd2/homext/wuch/xn2p/run/predict/deeptan/sc_rna_annotated_minmi0.1_top2000+top_1600/preds+seed_42+multitask+tst.pkl
1600,8,sc_rna_annotated_minmi0.1_top2000,DeepTAN,Labelling,preds+seed_46+multitask+tst.pkl,0.5560751328371608,0.24709955064839595,0.5714285714285714,0.5031959130629555,0.5455318131755573,0.5714285714285714,0.5493233000688379,0.5714285714285714,seed_46,46,multitask,tst,/mnt/hdd2/homext/wuch/xn2p/run/predict/deeptan/sc_rna_annotated_minmi0.1_top2000+top_1600/preds+seed_46+multitask+tst.pkl
1600,8,sc_rna_annotated_minmi0.1_top2000,DeepTAN,Labelling,preds+seed_44+multitask+tst.pkl,0.5816780231236387,0.2065687121866897,0.7039764359351989,0.4962310856747579,0.5402403283005474,0.7039764359351989,0.49558282235202517,0.7039764359351989,seed_44,44,multitask,tst,/mnt/hdd2/homext/wuch/xn2p/run/predict/deeptan/sc_rna_annotated_minmi0.1_top2000+top_1600/preds+seed_44+multitask+tst.pkl
1600,8,sc_rna_annotated_minmi0.1_top2000,DeepTAN,Labelling,preds+seed_45+multitask+tst.pkl,0.05894305229190496,0.07878411910669975,0.187039764359352,0.5179000796700384,0.5594666353760662,0.187039764359352,0.03498387345160192,0.187039764359352,seed_45,45,multitask,tst,/mnt/hdd2/homext/wuch/xn2p/run/predict/deeptan/sc_rna_annotated_minmi0.1_top2000+top_1600/preds+seed_45+multitask+tst.pkl
1600,8,sc_rna_annotated_minmi0.1_top2000,DeepTAN,Labelling,preds+seed_43+multitask+tst.pkl,0.00006930607294464177,0.0029411764705882353,0.005891016200294551,0.5093067639318436,0.5502246036211207,0.005891016200294551,0.000034858084025411545,0.005891016200294551,seed_43,43,multitask,tst,/mnt/hdd2/homext/wuch/xn2p/run/predict/deeptan/sc_rna_annotated_minmi0.1_top2000+top_1600/preds+seed_43+multitask+tst.pkl
800,2,sc_rna_annotated_minmi0.1_top2000_quarter,DeepTAN,Labelling,preds+seed_42+multitask+tst.pkl,0.4623660360258299,0.2543810569351908,0.4256259204712813,0.5081168172903547,0.5557245924193199,0.4256259204712813,0.5430730035439275,0.4256259204712813,seed_42,42,multitask,tst,/mnt/hdd2/homext/wuch/xn2p/run/predict/deeptan/sc_rna_annotated_minmi0.1_top2000_quarter+top_800/preds+seed_42+multitask+tst.pkl
800,2,sc_rna_annotated_minmi0.1_top2000_quarter,DeepTAN,Labelling,preds+seed_46+multitask+tst.pkl,0.4369728720649879,0.2410878616043609,0.40353460972017674,0.5260583992222218,0.5633584130127508,0.40353460972017674,0.5703306563351761,0.40353460972017674,seed_46,46,multitask,tst,/mnt/hdd2/homext/wuch/xn2p/run/predict/deeptan/sc_rna_annotated_minmi0.1_top2000_quarter+top_800/preds+seed_46+multitask+tst.pkl
800,2,sc_rna_annotated_minmi0.1_top2000_quarter,DeepTAN,Labelling,preds+seed_44+multitask+tst.pkl,0.5396481178966972,0.24631833885386614,0.5449189985272459,0.506353745957727,0.5481260576176811,0.5449189985272459,0.5392601631514014,0.5449189985272459,seed_44,44,multitask,tst,/mnt/hdd2/homext/wuch/xn2p/run/predict/deeptan/sc_rna_annotated_minmi0.1_top2000_quarter+top_800/preds+seed_44+multitask+tst.pkl
800,2,sc_rna_annotated_minmi0.1_top2000_quarter,DeepTAN,Labelling,preds+seed_45+multitask+tst.pkl,0.414142581738151,0.23738301637389173,0.36818851251840945,0.5310774562703977,0.5535040621524567,0.36818851251840945,0.5641139603499106,0.36818851251840945,seed_45,45,multitask,tst,/mnt/hdd2/homext/wuch/xn2p/run/predict/deeptan/sc_rna_annotated_minmi0.1_top2000_quarter+top_800/preds+seed_45+multitask+tst.pkl
800,2,sc_rna_annotated_minmi0.1_top2000_quarter,DeepTAN,Labelling,preds+seed_43+multitask+tst.pkl,0.1428996355369085,0.09688868443771265,0.15905743740795286,0.4900972635275463,0.5432607974945253,0.15905743740795286,0.5231283013815595,0.15905743740795286,seed_43,43,multitask,tst,/mnt/hdd2/homext/wuch/xn2p/run/predict/deeptan/sc_rna_annotated_minmi0.1_top2000_quarter+top_800/preds+seed_43+multitask+tst.pkl
800,4,sc_rna_annotated_minmi0.1_top2000_half,DeepTAN,Labelling,preds+seed_42+multitask+tst.pkl,0.09137388251769629,0.11147289780152425,0.18851251840942562,0.505342747190276,0.5456147533496781,0.18851251840942562,0.4511142599229148,0.18851251840942562,seed_42,42,multitask,tst,/mnt/hdd2/homext/wuch/xn2p/run/predict/deeptan/sc_rna_annotated_minmi0.1_top2000_half+top_800/preds+seed_42+multitask+tst.pkl
800,4,sc_rna_annotated_minmi0.1_top2000_half,DeepTAN,Labelling,preds+seed_46+multitask+tst.pkl,0.24773092460904067,0.14251412037550765,0.22533136966126657,0.46988598804011084,0.5161196974102388,0.22533136966126657,0.4919677093462071,0.22533136966126657,seed_46,46,multitask,tst,/mnt/hdd2/homext/wuch/xn2p/run/predict/deeptan/sc_rna_annotated_minmi0.1_top2000_half+top_800/preds+seed_46+multitask+tst.pkl
800,4,sc_rna_annotated_minmi0.1_top2000_half,DeepTAN,Labelling,preds+seed_44+multitask+tst.pkl,0.4714205915498593,0.23379479567627823,0.43593519882179677,0.4757878765936428,0.5304059813903732,0.43593519882179677,0.5258852299632663,0.43593519882179677,seed_44,44,multitask,tst,/mnt/hdd2/homext/wuch/xn2p/run/predict/deeptan/sc_rna_annotated_minmi0.1_top2000_half+top_800/preds+seed_44+multitask+tst.pkl
800,4,sc_rna_annotated_minmi0.1_top2000_half,DeepTAN,Labelling,preds+seed_45+multitask+tst.pkl,0.46189150724858,0.25332505486773493,0.4212076583210604,0.5219925784051773,0.5586518450312723,0.4212076583210604,0.5678655661977521,0.4212076583210604,seed_45,45,multitask,tst,/mnt/hdd2/homext/wuch/xn2p/run/predict/deeptan/sc_rna_annotated_minmi0.1_top2000_half+top_800/preds+seed_45+multitask+tst.pkl
800,4,sc_rna_annotated_minmi0.1_top2000_half,DeepTAN,Labelling,preds+seed_43+multitask+tst.pkl,0.5078495492818602,0.22817168915380717,0.49189985272459497,0.48559536365269257,0.5371558865814516,0.49189985272459497,0.5362930242380194,0.49189985272459497,seed_43,43,multitask,tst,/mnt/hdd2/homext/wuch/xn2p/run/predict/deeptan/sc_rna_annotated_minmi0.1_top2000_half+top_800/preds+seed_43+multitask+tst.pkl
1600,1,sc_rna_annotated_minmi0.1_top2000_eighth,DeepTAN,Labelling,preds+seed_42+multitask+tst.pkl,0.3827284928318991,0.20635269838042722,0.3328424153166421,0.497262013623149,0.5474668296427259,0.3328424153166421,0.5197407342307392,0.3328424153166421,seed_42,42,multitask,tst,/mnt/hdd2/homext/wuch/xn2p/run/predict/deeptan/sc_rna_annotated_minmi0.1_top2000_eighth+top_1600/preds+seed_42+multitask+tst.pkl
1600,1,sc_rna_annotated_minmi0.1_top2000_eighth,DeepTAN,Labelling,preds+seed_46+multitask+tst.pkl,0.49113107996403876,0.2571159077236942,0.4521354933726068,0.5226319710725809,0.5557111717851656,0.4521354933726068,0.5653890999805853,0.4521354933726068,seed_46,46,multitask,tst,/mnt/hdd2/homext/wuch/xn2p/run/predict/deeptan/sc_rna_annotated_minmi0.1_top2000_eighth+top_1600/preds+seed_46+multitask+tst.pkl
1600,1,sc_rna_annotated_minmi0.1_top2000_eighth,DeepTAN,Labelling,preds+seed_44+multitask+tst.pkl,0.3720632105619865,0.19005217112446862,0.3181148748159057,0.5008512871901254,0.5473091865269325,0.3181148748159057,0.5408030609129695,0.3181148748159057,seed_44,44,multitask,tst,/mnt/hdd2/homext/wuch/xn2p/run/predict/deeptan/sc_rna_annotated_minmi0.1_top2000_eighth+top_1600/preds+seed_44+multitask+tst.pkl
1600,1,sc_rna_annotated_minmi0.1_top2000_eighth,DeepTAN,Labelling,preds+seed_45+multitask+tst.pkl,0.241363183024348,0.15573427426875702,0.22091310751104565,0.5042623709819452,0.5331993423908106,0.22091310751104565,0.4862395655303065,0.22091310751104565,seed_45,45,multitask,tst,/mnt/hdd2/homext/wuch/xn2p/run/predict/deeptan/sc_rna_annotated_minmi0.1_top2000_eighth+top_1600/preds+seed_45+multitask+tst.pkl
1600,1,sc_rna_annotated_minmi0.1_top2000_eighth,DeepTAN,Labelling,preds+seed_43+multitask+tst.pkl,0.2836253177376388,0.1753095100459933,0.2547864506627393,0.49517936559664644,0.5405660359572602,0.2547864506627393,0.5133560318125429,0.2547864506627393,seed_43,43,multitask,tst,/mnt/hdd2/homext/wuch/xn2p/run/predict/deeptan/sc_rna_annotated_minmi0.1_top2000_eighth+top_1600/preds+seed_43+multitask+tst.pkl
1600,4,sc_rna_annotated_minmi0.1_top2000_half,DeepTAN,Labelling,preds+seed_42+multitask+tst.pkl,0.3110365719071976,0.17847139674992507,0.3136966126656848,0.502243366304098,0.5520649020074437,0.3136966126656848,0.5466988247780434,0.3136966126656848,seed_42,42,multitask,tst,/mnt/hdd2/homext/wuch/xn2p/run/predict/deeptan/sc_rna_annotated_minmi0.1_top2000_half+top_1600/preds+seed_42+multitask+tst.pkl
1600,4,sc_rna_annotated_minmi0.1_top2000_half,DeepTAN,Labelling,preds+seed_46+multitask+tst.pkl,0.2679134385631354,0.13950052807604296,0.24005891016200295,0.47830513058536817,0.5275954717873323,0.24005891016200295,0.491114533594013,0.24005891016200295,seed_46,46,multitask,tst,/mnt/hdd2/homext/wuch/xn2p/run/predict/deeptan/sc_rna_annotated_minmi0.1_top2000_half+top_1600/preds+seed_46+multitask+tst.pkl
1600,4,sc_rna_annotated_minmi0.1_top2000_half,DeepTAN,Labelling,preds+seed_44+multitask+tst.pkl,0.4885977731649457,0.22684478339689768,0.45508100147275404,0.4993025327949739,0.5447451785416664,0.45508100147275404,0.537094242016815,0.45508100147275404,seed_44,44,multitask,tst,/mnt/hdd2/homext/wuch/xn2p/run/predict/deeptan/sc_rna_annotated_minmi0.1_top2000_half+top_1600/preds+seed_44+multitask+tst.pkl
1600,4,sc_rna_annotated_minmi0.1_top2000_half,DeepTAN,Labelling,preds+seed_45+multitask+tst.pkl,0.5060015965146625,0.26539923628969786,0.4727540500736377,0.51957906049953,0.5534530077607838,0.4727540500736377,0.5606237646335547,0.4727540500736377,seed_45,45,multitask,tst,/mnt/hdd2/homext/wuch/xn2p/run/predict/deeptan/sc_rna_annotated_minmi0.1_top2000_half+top_1600/preds+seed_45+multitask+tst.pkl
1600,4,sc_rna_annotated_minmi0.1_top2000_half,DeepTAN,Labelling,preds+seed_43+multitask+tst.pkl,0.4598309889749178,0.22249243121125292,0.4167893961708395,0.4933981951147564,0.5428778606324851,0.4167893961708395,0.5293357620979072,0.4167893961708395,seed_43,43,multitask,tst,/mnt/hdd2/homext/wuch/xn2p/run/predict/deeptan/sc_rna_annotated_minmi0.1_top2000_half+top_1600/preds+seed_43+multitask+tst.pkl
2000,4,sc_rna_annotated_minmi0.1_top2000_half,DeepTAN,Labelling,preds+seed_42+multitask+tst.pkl,0.39290049623419765,0.23263985824842687,0.36524300441826213,0.5032458259558346,0.5538192564842556,0.36524300441826213,0.5433078380913412,0.36524300441826213,seed_42,42,multitask,tst,/mnt/hdd2/homext/wuch/xn2p/run/predict/deeptan/sc_rna_annotated_minmi0.1_top2000_half/preds+seed_42+multitask+tst.pkl
2000,4,sc_rna_annotated_minmi0.1_top2000_half,DeepTAN,Labelling,preds+seed_46+multitask+tst.pkl,0.5306589587707491,0.24641882785512403,0.5228276877761414,0.5058638752721946,0.5503036543429594,0.5228276877761414,0.5690889422402822,0.5228276877761414,seed_46,46,multitask,tst,/mnt/hdd2/homext/wuch/xn2p/run/predict/deeptan/sc_rna_annotated_minmi0.1_top2000_half/preds+seed_46+multitask+tst.pkl
2000,4,sc_rna_annotated_minmi0.1_top2000_half,DeepTAN,Labelling,preds+seed_44+multitask+tst.pkl,0.5372387002938247,0.263363439163873,0.524300441826215,0.5256342899086688,0.5619250603654621,0.524300441826215,0.5531498968929288,0.524300441826215,seed_44,44,multitask,tst,/mnt/hdd2/homext/wuch/xn2p/run/predict/deeptan/sc_rna_annotated_minmi0.1_top2000_half/preds+seed_44+multitask+tst.pkl
2000,4,sc_rna_annotated_minmi0.1_top2000_half,DeepTAN,Labelling,preds+seed_45+multitask+tst.pkl,0.5396488865449593,0.2681798270178583,0.524300441826215,0.5071109012205538,0.5462935339640766,0.524300441826215,0.5595042185392369,0.524300441826215,seed_45,45,multitask,tst,/mnt/hdd2/homext/wuch/xn2p/run/predict/deeptan/sc_rna_annotated_minmi0.1_top2000_half/preds+seed_45+multitask+tst.pkl
2000,4,sc_rna_annotated_minmi0.1_top2000_half,DeepTAN,Labelling,preds+seed_43+multitask+tst.pkl,0.5101999391283539,0.24073621944025692,0.49337260677466865,0.49144354278230434,0.5361084038670778,0.49337260677466865,0.5351242176843417,0.49337260677466865,seed_43,43,multitask,tst,/mnt/hdd2/homext/wuch/xn2p/run/predict/deeptan/sc_rna_annotated_minmi0.1_top2000_half/preds+seed_43+multitask+tst.pkl
2000,1,sc_rna_annotated_minmi0.1_top2000_eighth,DeepTAN,Labelling,preds+seed_42+multitask+tst.pkl,0.4873038792625558,0.23830309293060298,0.4521354933726068,0.4936392092620113,0.5446932139836269,0.4521354933726068,0.5421616745996636,0.4521354933726068,seed_42,42,multitask,tst,/mnt/hdd2/homext/wuch/xn2p/run/predict/deeptan/sc_rna_annotated_minmi0.1_top2000_eighth/preds+seed_42+multitask+tst.pkl
2000,1,sc_rna_annotated_minmi0.1_top2000_eighth,DeepTAN,Labelling,preds+seed_46+multitask+tst.pkl,0.5550021936358022,0.2587868789054474,0.5493372606774669,0.5241405722327571,0.565142198176797,0.5493372606774669,0.5680594719086135,0.5493372606774669,seed_46,46,multitask,tst,/mnt/hdd2/homext/wuch/xn2p/run/predict/deeptan/sc_rna_annotated_minmi0.1_top2000_eighth/preds+seed_46+multitask+tst.pkl
2000,1,sc_rna_annotated_minmi0.1_top2000_eighth,DeepTAN,Labelling,preds+seed_44+multitask+tst.pkl,0.43761242086952407,0.2214054030331778,0.3873343151693667,0.5015684531382235,0.5438827620016112,0.3873343151693667,0.5409735447958692,0.3873343151693667,seed_44,44,multitask,tst,/mnt/hdd2/homext/wuch/xn2p/run/predict/deeptan/sc_rna_annotated_minmi0.1_top2000_eighth/preds+seed_44+multitask+tst.pkl
2000,1,sc_rna_annotated_minmi0.1_top2000_eighth,DeepTAN,Labelling,preds+seed_45+multitask+tst.pkl,0.414905426545323,0.22718707612742775,0.36524300441826213,0.5015181434430208,0.5419047134255698,0.36524300441826213,0.5543968242208689,0.36524300441826213,seed_45,45,multitask,tst,/mnt/hdd2/homext/wuch/xn2p/run/predict/deeptan/sc_rna_annotated_minmi0.1_top2000_eighth/preds+seed_45+multitask+tst.pkl
2000,1,sc_rna_annotated_minmi0.1_top2000_eighth,DeepTAN,Labelling,preds+seed_43+multitask+tst.pkl,0.4721947705594409,0.24246468171134028,0.4329896907216495,0.5024592798201185,0.539305037620319,0.4329896907216495,0.5411936164679267,0.4329896907216495,seed_43,43,multitask,tst,/mnt/hdd2/homext/wuch/xn2p/run/predict/deeptan/sc_rna_annotated_minmi0.1_top2000_eighth/preds+seed_43+multitask+tst.pkl
2000,2,sc_rna_annotated_minmi0.1_top2000_quarter,DeepTAN,Labelling,preds+seed_42+multitask+tst.pkl,0.5317249298674753,0.25303754074407103,0.5198821796759941,0.48821374034616133,0.541129688898166,0.5198821796759941,0.5451034898039135,0.5198821796759941,seed_42,42,multitask,tst,/mnt/hdd2/homext/wuch/xn2p/run/predict/deeptan/sc_rna_annotated_minmi0.1_top2000_quarter/preds+seed_42+multitask+tst.pkl
2000,2,sc_rna_annotated_minmi0.1_top2000_quarter,DeepTAN,Labelling,preds+seed_46+multitask+tst.pkl,0.4929175416405188,0.2573461163394546,0.46097201767304863,0.5234189688346612,0.5487307394653028,0.46097201767304863,0.5637481187863629,0.46097201767304863,seed_46,46,multitask,tst,/mnt/hdd2/homext/wuch/xn2p/run/predict/deeptan/sc_rna_annotated_minmi0.1_top2000_quarter/preds+seed_46+multitask+tst.pkl
2000,2,sc_rna_annotated_minmi0.1_top2000_quarter,DeepTAN,Labelling,preds+seed_44+multitask+tst.pkl,0.5514183130930054,0.26107242750976006,0.5537555228276878,0.5114831641679373,0.5510104575118542,0.5537555228276878,0.549871739818667,0.5537555228276878,seed_44,44,multitask,tst,/mnt/hdd2/homext/wuch/xn2p/run/predict/deeptan/sc_rna_annotated_minmi0.1_top2000_quarter/preds+seed_44+multitask+tst.pkl
2000,2,sc_rna_annotated_minmi0.1_top2000_quarter,DeepTAN,Labelling,preds+seed_45+multitask+tst.pkl,0.5459138372540434,0.2713063063063063,0.5331369661266568,0.5177647836806306,0.545715861034581,0.5331369661266568,0.562183363530006,0.5331369661266568,seed_45,45,multitask,tst,/mnt/hdd2/homext/wuch/xn2p/run/predict/deeptan/sc_rna_annotated_minmi0.1_top2000_quarter/preds+seed_45+multitask+tst.pkl
2000,2,sc_rna_annotated_minmi0.1_top2000_quarter,DeepTAN,Labelling,preds+seed_43+multitask+tst.pkl,0.291154574438816,0.17495094191522764,0.24889543446244478,0.4954842948666337,0.5394975932647613,0.24889543446244478,0.5558280431248476,0.24889543446244478,seed_43,43,multitask,tst,/mnt/hdd2/homext/wuch/xn2p/run/predict/deeptan/sc_rna_annotated_minmi0.1_top2000_quarter/preds+seed_43+multitask+tst.pkl
400,8,sc_rna_annotated_minmi0.1_top2000,DeepTAN,Labelling,preds+seed_42+multitask+tst.pkl,0.3249912501885346,0.1553274149905403,0.2974963181148748,0.491859067631717,0.5450747755424521,0.2974963181148748,0.5522203055376991,0.2974963181148748,seed_42,42,multitask,tst,/mnt/hdd2/homext/wuch/xn2p/run/predict/deeptan/sc_rna_annotated_minmi0.1_top2000+top_400/preds+seed_42+multitask+tst.pkl
400,8,sc_rna_annotated_minmi0.1_top2000,DeepTAN,Labelling,preds+seed_46+multitask+tst.pkl,0.5117377549218499,0.22568595585156231,0.5022091310751104,0.4664021410726297,0.5268381873351976,0.5022091310751104,0.5298237119967936,0.5022091310751104,seed_46,46,multitask,tst,/mnt/hdd2/homext/wuch/xn2p/run/predict/deeptan/sc_rna_annotated_minmi0.1_top2000+top_400/preds+seed_46+multitask+tst.pkl
400,8,sc_rna_annotated_minmi0.1_top2000,DeepTAN,Labelling,preds+seed_44+multitask+tst.pkl,0.5816780231236387,0.2065687121866897,0.7039764359351989,0.47932050598747794,0.5328714918029411,0.7039764359351989,0.49558282235202517,0.7039764359351989,seed_44,44,multitask,tst,/mnt/hdd2/homext/wuch/xn2p/run/predict/deeptan/sc_rna_annotated_minmi0.1_top2000+top_400/preds+seed_44+multitask+tst.pkl
400,8,sc_rna_annotated_minmi0.1_top2000,DeepTAN,Labelling,preds+seed_45+multitask+tst.pkl,0.06231836033382425,0.08041666666666666,0.18851251840942562,0.520607544261528,0.5579736693841104,0.18851251840942562,0.3872839833073285,0.18851251840942562,seed_45,45,multitask,tst,/mnt/hdd2/homext/wuch/xn2p/run/predict/deeptan/sc_rna_annotated_minmi0.1_top2000+top_400/preds+seed_45+multitask+tst.pkl
400,4,sc_rna_annotated_minmi0.1_top2000_half,DeepTAN,Labelling,preds+seed_42+multitask+tst.pkl,0.07745028567400924,0.1020505868887409,0.1723122238586156,0.5080454381660557,0.5456059476144546,0.1723122238586156,0.3557087548727172,0.1723122238586156,seed_42,42,multitask,tst,/mnt/hdd2/homext/wuch/xn2p/run/predict/deeptan/sc_rna_annotated_minmi0.1_top2000_half+top_400/preds+seed_42+multitask+tst.pkl
400,4,sc_rna_annotated_minmi0.1_top2000_half,DeepTAN,Labelling,preds+seed_46+multitask+tst.pkl,0.2326626100492139,0.1434905554838936,0.20029455081001474,0.451264809615925,0.5235214481448602,0.20029455081001474,0.49448430900585866,0.20029455081001474,seed_46,46,multitask,tst,/mnt/hdd2/homext/wuch/xn2p/run/predict/deeptan/sc_rna_annotated_minmi0.1_top2000_half+top_400/preds+seed_46+multitask+tst.pkl
400,4,sc_rna_annotated_minmi0.1_top2000_half,DeepTAN,Labelling,preds+seed_44+multitask+tst.pkl,0.47167196111919635,0.23938489174411334,0.4329896907216495,0.49266156141899753,0.5411767672169364,0.4329896907216495,0.5372649692531872,0.4329896907216495,seed_44,44,multitask,tst,/mnt/hdd2/homext/wuch/xn2p/run/predict/deeptan/sc_rna_annotated_minmi0.1_top2000_half+top_400/preds+seed_44+multitask+tst.pkl
400,4,sc_rna_annotated_minmi0.1_top2000_half,DeepTAN,Labelling,preds+seed_45+multitask+tst.pkl,0.41473138048597313,0.2433917433917434,0.37702503681885124,0.5347174087807696,0.5610910874944981,0.37702503681885124,0.5835752202146469,0.37702503681885124,seed_45,45,multitask,tst,/mnt/hdd2/homext/wuch/xn2p/run/predict/deeptan/sc_rna_annotated_minmi0.1_top2000_half+top_400/preds+seed_45+multitask+tst.pkl
1600,2,sc_rna_annotated_minmi0.1_top2000_quarter,DeepTAN,Labelling,preds+seed_42+multitask+tst.pkl,0.49332805754617065,0.24141890493194637,0.4639175257731959,0.4854075188698793,0.5366849164743199,0.4639175257731959,0.5415754619713902,0.4639175257731959,seed_42,42,multitask,tst,/mnt/hdd2/homext/wuch/xn2p/run/predict/deeptan/sc_rna_annotated_minmi0.1_top2000_quarter+top_1600/preds+seed_42+multitask+tst.pkl
1600,2,sc_rna_annotated_minmi0.1_top2000_quarter,DeepTAN,Labelling,preds+seed_46+multitask+tst.pkl,0.443530289337653,0.25410768153908625,0.41531664212076586,0.543332110831243,0.5733234951792898,0.41531664212076586,0.5974751003874825,0.41531664212076586,seed_46,46,multitask,tst,/mnt/hdd2/homext/wuch/xn2p/run/predict/deeptan/sc_rna_annotated_minmi0.1_top2000_quarter+top_1600/preds+seed_46+multitask+tst.pkl
1600,2,sc_rna_annotated_minmi0.1_top2000_quarter,DeepTAN,Labelling,preds+seed_44+multitask+tst.pkl,0.49815499072774766,0.23576552398160497,0.47569955817378495,0.5003507324208413,0.5488043329432011,0.47569955817378495,0.5330809308195408,0.47569955817378495,seed_44,44,multitask,tst,/mnt/hdd2/homext/wuch/xn2p/run/predict/deeptan/sc_rna_annotated_minmi0.1_top2000_quarter+top_1600/preds+seed_44+multitask+tst.pkl
1600,2,sc_rna_annotated_minmi0.1_top2000_quarter,DeepTAN,Labelling,preds+seed_45+multitask+tst.pkl,0.5033574496999429,0.27638402553078323,0.46686303387334316,0.5338409925796447,0.559594227198171,0.46686303387334316,0.5714919794707259,0.46686303387334316,seed_45,45,multitask,tst,/mnt/hdd2/homext/wuch/xn2p/run/predict/deeptan/sc_rna_annotated_minmi0.1_top2000_quarter+top_1600/preds+seed_45+multitask+tst.pkl
1600,2,sc_rna_annotated_minmi0.1_top2000_quarter,DeepTAN,Labelling,preds+seed_43+multitask+tst.pkl,0.20473159328977847,0.13891471759688814,0.19734904270986744,0.4955424569162695,0.54108545675818,0.19734904270986744,0.5591986072459956,0.19734904270986744,seed_43,43,multitask,tst,/mnt/hdd2/homext/wuch/xn2p/run/predict/deeptan/sc_rna_annotated_minmi0.1_top2000_quarter+top_1600/preds+seed_43+multitask+tst.pkl
1200,4,sc_rna_annotated_minmi0.1_top2000_half,DeepTAN,Labelling,preds+seed_42+multitask+tst.pkl,0.08000805011323105,0.10696877886798059,0.187039764359352,0.4985190300282229,0.5462594041823995,0.187039764359352,0.5224293958003352,0.187039764359352,seed_42,42,multitask,tst,/mnt/hdd2/homext/wuch/xn2p/run/predict/deeptan/sc_rna_annotated_minmi0.1_top2000_half+top_1200/preds+seed_42+multitask+tst.pkl
1200,4,sc_rna_annotated_minmi0.1_top2000_half,DeepTAN,Labelling,preds+seed_46+multitask+tst.pkl,0.2886646231149865,0.1525613899964096,0.25920471281296026,0.4976290021218698,0.5397473513340781,0.25920471281296026,0.5339850273502473,0.25920471281296026,seed_46,46,multitask,tst,/mnt/hdd2/homext/wuch/xn2p/run/predict/deeptan/sc_rna_annotated_minmi0.1_top2000_half+top_1200/preds+seed_46+multitask+tst.pkl
1200,4,sc_rna_annotated_minmi0.1_top2000_half,DeepTAN,Labelling,preds+seed_44+multitask+tst.pkl,0.4879881741098393,0.24196661855840718,0.4477172312223859,0.5052316410771737,0.5561614629361644,0.4477172312223859,0.5551355998268528,0.4477172312223859,seed_44,44,multitask,tst,/mnt/hdd2/homext/wuch/xn2p/run/predict/deeptan/sc_rna_annotated_minmi0.1_top2000_half+top_1200/preds+seed_44+multitask+tst.pkl
1200,4,sc_rna_annotated_minmi0.1_top2000_half,DeepTAN,Labelling,preds+seed_45+multitask+tst.pkl,0.4957179498146149,0.26968047326032635,0.4565537555228277,0.5365288111191416,0.5667976555433635,0.4565537555228277,0.5735649509692724,0.4565537555228277,seed_45,45,multitask,tst,/mnt/hdd2/homext/wuch/xn2p/run/predict/deeptan/sc_rna_annotated_minmi0.1_top2000_half+top_1200/preds+seed_45+multitask+tst.pkl
1200,4,sc_rna_annotated_minmi0.1_top2000_half,DeepTAN,Labelling,preds+seed_43+multitask+tst.pkl,0.47156867574764444,0.22499416190713672,0.4329896907216495,0.49684557797608697,0.541424669971663,0.4329896907216495,0.5282637424916441,0.4329896907216495,seed_43,43,multitask,tst,/mnt/hdd2/homext/wuch/xn2p/run/predict/deeptan/sc_rna_annotated_minmi0.1_top2000_half+top_1200/preds+seed_43+multitask+tst.pkl
800,1,sc_rna_annotated_minmi0.1_top2000_eighth,DeepTAN,Labelling,preds+seed_42+multitask+tst.pkl,0.4118223559669684,0.2123636003045614,0.36082474226804123,0.509365024467368,0.5557078904382818,0.36082474226804123,0.5347317736631185,0.36082474226804123,seed_42,42,multitask,tst,/mnt/hdd2/homext/wuch/xn2p/run/predict/deeptan/sc_rna_annotated_minmi0.1_top2000_eighth+top_800/preds+seed_42+multitask+tst.pkl
800,1,sc_rna_annotated_minmi0.1_top2000_eighth,DeepTAN,Labelling,preds+seed_46+multitask+tst.pkl,0.42406845265876525,0.22393153472794397,0.37260677466863035,0.5151840352264526,0.5616112151916136,0.37260677466863035,0.5466107126796905,0.37260677466863035,seed_46,46,multitask,tst,/mnt/hdd2/homext/wuch/xn2p/run/predict/deeptan/sc_rna_annotated_minmi0.1_top2000_eighth+top_800/preds+seed_46+multitask+tst.pkl
800,1,sc_rna_annotated_minmi0.1_top2000_eighth,DeepTAN,Labelling,preds+seed_44+multitask+tst.pkl,0.3987470173639673,0.20014387855946697,0.35346097201767307,0.4985818227633542,0.5543602398227888,0.35346097201767307,0.5402038519446216,0.35346097201767307,seed_44,44,multitask,tst,/mnt/hdd2/homext/wuch/xn2p/run/predict/deeptan/sc_rna_annotated_minmi0.1_top2000_eighth+top_800/preds+seed_44+multitask+tst.pkl
800,1,sc_rna_annotated_minmi0.1_top2000_eighth,DeepTAN,Labelling,preds+seed_45+multitask+tst.pkl,0.18620421165234585,0.1359132434079148,0.18556701030927836,0.4963543786665475,0.5280272964407472,0.18556701030927836,0.48141150306672015,0.18556701030927836,seed_45,45,multitask,tst,/mnt/hdd2/homext/wuch/xn2p/run/predict/deeptan/sc_rna_annotated_minmi0.1_top2000_eighth+top_800/preds+seed_45+multitask+tst.pkl
800,1,sc_rna_annotated_minmi0.1_top2000_eighth,DeepTAN,Labelling,preds+seed_43+multitask+tst.pkl,0.2584776584669858,0.17207449054137894,0.24300441826215022,0.4980191578305832,0.5522231839673478,0.24300441826215022,0.5906083748653083,0.24300441826215022,seed_43,43,multitask,tst,/mnt/hdd2/homext/wuch/xn2p/run/predict/deeptan/sc_rna_annotated_minmi0.1_top2000_eighth+top_800/preds+seed_43+multitask+tst.pkl
